<?xml version="1.0" encoding="utf-8"?>
<TextureAtlas imagePath="vintage.png">

    <!-- FUCK YOU ANIMATE, made with spritecow c: !-->

	<SubTexture name="idle0000" x="10" y="10" width="540" height="396"/>
    <SubTexture name="idle0001" x="570" y="10" width="540" height="396"/>
    <SubTexture name="idle0002" x="1130" y="10" width="540" height="396"/>
    <SubTexture name="idle0003" x="1690" y="10" width="540" height="396"/>
    <SubTexture name="idle0004" x="2250" y="10" width="540" height="396"/>
    <SubTexture name="idle0005" x="10" y="426" width="540" height="396"/>
    <SubTexture name="idle0006" x="570" y="426" width="540" height="396"/>
    <SubTexture name="idle0007" x="1130" y="426" width="540" height="396"/>
    <SubTexture name="idle0008" x="1690" y="426" width="540" height="396"/>
    <SubTexture name="idle0009" x="2250" y="426" width="540" height="396"/>
</TextureAtlas>