﻿<?xml version="1.0" encoding="utf-8"?>
<TextureAtlas imagePath="himura.png">
	<!-- Created with Adobe Animate version 19.2.1.408 -->
	<!-- http://www.adobe.com/products/animate.html -->
	<SubTexture name="Sonic idle0000" x="0" y="1073" width="355" height="476" frameX="0" frameY="-9" frameWidth="371" frameHeight="488"/>
	<SubTexture name="Sonic idle0001" x="0" y="1073" width="355" height="476" frameX="0" frameY="-9" frameWidth="371" frameHeight="488"/>
	<SubTexture name="Sonic idle0002" x="408" y="1070" width="355" height="477" frameX="-6" frameY="-8" frameWidth="371" frameHeight="488"/>
	<SubTexture name="Sonic idle0003" x="408" y="1070" width="355" height="477" frameX="-6" frameY="-8" frameWidth="371" frameHeight="488"/>
	<SubTexture name="Sonic idle0004" x="408" y="537" width="354" height="483" frameX="-12" frameY="-5" frameWidth="371" frameHeight="488"/>
	<SubTexture name="Sonic idle0005" x="408" y="537" width="354" height="483" frameX="-12" frameY="-5" frameWidth="371" frameHeight="488"/>
	<SubTexture name="Sonic idle0006" x="409" y="0" width="358" height="487" frameX="-12" frameY="-1" frameWidth="371" frameHeight="488"/>
	<SubTexture name="Sonic idle0007" x="0" y="537" width="358" height="486" frameX="-12" frameY="-1" frameWidth="371" frameHeight="488"/>
	<SubTexture name="Sonic idle0008" x="0" y="0" width="359" height="487" frameX="-12" frameY="0" frameWidth="371" frameHeight="488"/>
	<SubTexture name="Sonic idle0009" x="0" y="0" width="359" height="487" frameX="-12" frameY="0" frameWidth="371" frameHeight="488"/>
	<SubTexture name="Sonic idle0010" x="0" y="0" width="359" height="487" frameX="-12" frameY="0" frameWidth="371" frameHeight="488"/>
	<SubTexture name="Sonic idle0011" x="0" y="0" width="359" height="487" frameX="-12" frameY="0" frameWidth="371" frameHeight="488"/>
	<SubTexture name="Sonic idle0012" x="0" y="0" width="359" height="487" frameX="-12" frameY="0" frameWidth="371" frameHeight="488"/>
	<SubTexture name="Sonic idle0013" x="0" y="0" width="359" height="487" frameX="-12" frameY="0" frameWidth="371" frameHeight="488"/>
</TextureAtlas>
