﻿<?xml version="1.0" encoding="utf-8"?>
<TextureAtlas imagePath="GF_Player.png">
	<!-- Created with Adobe Animate version 22.0.0.93 -->
	<!-- http://www.adobe.com/products/animate.html -->
	<SubTexture name="GF Dead Loop0000" x="2" y="2" width="359" height="562" frameX="0" frameY="-1" frameWidth="359" frameHeight="563"/>
	<SubTexture name="GF Dead Loop0001" x="361" y="2" width="358" height="562" frameX="0" frameY="0" frameWidth="359" frameHeight="563"/>
	<SubTexture name="GF Dead Loop0002" x="361" y="2" width="358" height="562" frameX="0" frameY="0" frameWidth="359" frameHeight="563"/>
	<SubTexture name="GF Dead Loop0003" x="719" y="2" width="358" height="562" frameX="0" frameY="0" frameWidth="359" frameHeight="563"/>
	<SubTexture name="GF Dead Loop0004" x="719" y="2" width="358" height="562" frameX="0" frameY="0" frameWidth="359" frameHeight="563"/>
	<SubTexture name="GF Dead Loop0005" x="1077" y="2" width="359" height="562" frameX="0" frameY="-1" frameWidth="359" frameHeight="563"/>
	<SubTexture name="GF Dead Loop0006" x="1077" y="2" width="359" height="562" frameX="0" frameY="-1" frameWidth="359" frameHeight="563"/>
	<SubTexture name="GF Dead Loop0007" x="1436" y="2" width="359" height="562" frameX="0" frameY="-1" frameWidth="359" frameHeight="563"/>
	<SubTexture name="GF Dead Loop0008" x="1436" y="2" width="359" height="562" frameX="0" frameY="-1" frameWidth="359" frameHeight="563"/>
	<SubTexture name="GF Dead Loop0009" x="1436" y="2" width="359" height="562" frameX="0" frameY="-1" frameWidth="359" frameHeight="563"/>
	<SubTexture name="GF Dead Loop0010" x="1436" y="2" width="359" height="562" frameX="0" frameY="-1" frameWidth="359" frameHeight="563"/>
	<SubTexture name="GF Dead Loop0011" x="1436" y="2" width="359" height="562" frameX="0" frameY="-1" frameWidth="359" frameHeight="563"/>
	<SubTexture name="GF Dead Loop0012" x="1436" y="2" width="359" height="562" frameX="0" frameY="-1" frameWidth="359" frameHeight="563"/>
	<SubTexture name="GF Dead Loop0013" x="1436" y="2" width="359" height="562" frameX="0" frameY="-1" frameWidth="359" frameHeight="563"/>
	<SubTexture name="GF Dead Loop0014" x="1436" y="2" width="359" height="562" frameX="0" frameY="-1" frameWidth="359" frameHeight="563"/>
	<SubTexture name="GF Dead Loop0015" x="1436" y="2" width="359" height="562" frameX="0" frameY="-1" frameWidth="359" frameHeight="563"/>
	<SubTexture name="GF Dead Loop0016" x="1436" y="2" width="359" height="562" frameX="0" frameY="-1" frameWidth="359" frameHeight="563"/>
	<SubTexture name="GF Dead Loop0017" x="1436" y="2" width="359" height="562" frameX="0" frameY="-1" frameWidth="359" frameHeight="563"/>
	<SubTexture name="GF Dead Loop0018" x="1795" y="2" width="359" height="562" frameX="0" frameY="-1" frameWidth="359" frameHeight="563"/>
	<SubTexture name="GF Dead Loop0019" x="361" y="2" width="358" height="562" frameX="0" frameY="0" frameWidth="359" frameHeight="563"/>
	<SubTexture name="GF Dead Loop0020" x="719" y="2" width="358" height="562" frameX="0" frameY="0" frameWidth="359" frameHeight="563"/>
	<SubTexture name="GF Dead Loop0021" x="719" y="2" width="358" height="562" frameX="0" frameY="0" frameWidth="359" frameHeight="563"/>
	<SubTexture name="GF Dead Loop0022" x="2154" y="2" width="358" height="562" frameX="0" frameY="0" frameWidth="359" frameHeight="563"/>
	<SubTexture name="GF Dead Loop0023" x="1077" y="2" width="359" height="562" frameX="0" frameY="-1" frameWidth="359" frameHeight="563"/>
	<SubTexture name="GF Dead Loop0024" x="2512" y="2" width="359" height="562" frameX="0" frameY="-1" frameWidth="359" frameHeight="563"/>
	<SubTexture name="GF Dead Loop0025" x="1436" y="2" width="359" height="562" frameX="0" frameY="-1" frameWidth="359" frameHeight="563"/>
	<SubTexture name="GF Dead Loop0026" x="1436" y="2" width="359" height="562" frameX="0" frameY="-1" frameWidth="359" frameHeight="563"/>
	<SubTexture name="GF Dead Loop0027" x="1436" y="2" width="359" height="562" frameX="0" frameY="-1" frameWidth="359" frameHeight="563"/>
	<SubTexture name="GF Dead Loop0028" x="1436" y="2" width="359" height="562" frameX="0" frameY="-1" frameWidth="359" frameHeight="563"/>
	<SubTexture name="GF Dead Loop0029" x="1436" y="2" width="359" height="562" frameX="0" frameY="-1" frameWidth="359" frameHeight="563"/>
	<SubTexture name="GF Dead Loop0030" x="1436" y="2" width="359" height="562" frameX="0" frameY="-1" frameWidth="359" frameHeight="563"/>
	<SubTexture name="GF Dead Loop0031" x="1436" y="2" width="359" height="562" frameX="0" frameY="-1" frameWidth="359" frameHeight="563"/>
	<SubTexture name="GF Dead Loop0032" x="1436" y="2" width="359" height="562" frameX="0" frameY="-1" frameWidth="359" frameHeight="563"/>
	<SubTexture name="GF Dead Loop0033" x="1436" y="2" width="359" height="562" frameX="0" frameY="-1" frameWidth="359" frameHeight="563"/>
	<SubTexture name="GF Dead confirm0000" x="2871" y="2" width="356" height="557" frameX="0" frameY="-1" frameWidth="356" frameHeight="558"/>
	<SubTexture name="GF Dead confirm0001" x="2871" y="2" width="356" height="557" frameX="0" frameY="-1" frameWidth="356" frameHeight="558"/>
	<SubTexture name="GF Dead confirm0002" x="2871" y="2" width="356" height="557" frameX="0" frameY="-1" frameWidth="356" frameHeight="558"/>
	<SubTexture name="GF Dead confirm0003" x="3227" y="2" width="356" height="557" frameX="0" frameY="-1" frameWidth="356" frameHeight="558"/>
	<SubTexture name="GF Dead confirm0004" x="3583" y="2" width="355" height="558" frameX="0" frameY="0" frameWidth="356" frameHeight="558"/>
	<SubTexture name="GF Dead confirm0005" x="2" y="564" width="355" height="558" frameX="0" frameY="0" frameWidth="356" frameHeight="558"/>
	<SubTexture name="GF Dead confirm0006" x="2" y="564" width="355" height="558" frameX="0" frameY="0" frameWidth="356" frameHeight="558"/>
	<SubTexture name="GF Dead confirm0007" x="357" y="564" width="355" height="558" frameX="0" frameY="0" frameWidth="356" frameHeight="558"/>
	<SubTexture name="GF Dead confirm0008" x="357" y="564" width="355" height="558" frameX="0" frameY="0" frameWidth="356" frameHeight="558"/>
	<SubTexture name="GF Dead confirm0009" x="712" y="564" width="355" height="558" frameX="0" frameY="0" frameWidth="356" frameHeight="558"/>
	<SubTexture name="GF Dead confirm0010" x="712" y="564" width="355" height="558" frameX="0" frameY="0" frameWidth="356" frameHeight="558"/>
	<SubTexture name="GF Dead confirm0011" x="1067" y="564" width="356" height="557" frameX="0" frameY="-1" frameWidth="356" frameHeight="558"/>
	<SubTexture name="GF Dead confirm0012" x="1423" y="564" width="356" height="557" frameX="0" frameY="-1" frameWidth="356" frameHeight="558"/>
	<SubTexture name="GF Dead confirm0013" x="1779" y="564" width="356" height="557" frameX="0" frameY="-1" frameWidth="356" frameHeight="558"/>
	<SubTexture name="GF Dead confirm0014" x="1779" y="564" width="356" height="557" frameX="0" frameY="-1" frameWidth="356" frameHeight="558"/>
	<SubTexture name="GF Dead confirm0015" x="1779" y="564" width="356" height="557" frameX="0" frameY="-1" frameWidth="356" frameHeight="558"/>
	<SubTexture name="GF Dead confirm0016" x="1779" y="564" width="356" height="557" frameX="0" frameY="-1" frameWidth="356" frameHeight="558"/>
	<SubTexture name="GF Dead confirm0017" x="1779" y="564" width="356" height="557" frameX="0" frameY="-1" frameWidth="356" frameHeight="558"/>
	<SubTexture name="GF Dead confirm0018" x="1779" y="564" width="356" height="557" frameX="0" frameY="-1" frameWidth="356" frameHeight="558"/>
	<SubTexture name="GF Dead confirm0019" x="1779" y="564" width="356" height="557" frameX="0" frameY="-1" frameWidth="356" frameHeight="558"/>
	<SubTexture name="GF Dead confirm0020" x="1779" y="564" width="356" height="557" frameX="0" frameY="-1" frameWidth="356" frameHeight="558"/>
	<SubTexture name="GF Dead confirm0021" x="1779" y="564" width="356" height="557" frameX="0" frameY="-1" frameWidth="356" frameHeight="558"/>
	<SubTexture name="GF Dead confirm0022" x="1779" y="564" width="356" height="557" frameX="0" frameY="-1" frameWidth="356" frameHeight="558"/>
	<SubTexture name="GF Dead confirm0023" x="1779" y="564" width="356" height="557" frameX="0" frameY="-1" frameWidth="356" frameHeight="558"/>
	<SubTexture name="GF Dead confirm0024" x="1779" y="564" width="356" height="557" frameX="0" frameY="-1" frameWidth="356" frameHeight="558"/>
	<SubTexture name="GF Dead confirm0025" x="1779" y="564" width="356" height="557" frameX="0" frameY="-1" frameWidth="356" frameHeight="558"/>
	<SubTexture name="GF Dead confirm0026" x="1779" y="564" width="356" height="557" frameX="0" frameY="-1" frameWidth="356" frameHeight="558"/>
	<SubTexture name="GF Dead confirm0027" x="1779" y="564" width="356" height="557" frameX="0" frameY="-1" frameWidth="356" frameHeight="558"/>
	<SubTexture name="GF Dead confirm0028" x="1779" y="564" width="356" height="557" frameX="0" frameY="-1" frameWidth="356" frameHeight="558"/>
	<SubTexture name="GF Dead confirm0029" x="1779" y="564" width="356" height="557" frameX="0" frameY="-1" frameWidth="356" frameHeight="558"/>
	<SubTexture name="GF Dead confirm0030" x="1779" y="564" width="356" height="557" frameX="0" frameY="-1" frameWidth="356" frameHeight="558"/>
	<SubTexture name="GF Dead confirm0031" x="1779" y="564" width="356" height="557" frameX="0" frameY="-1" frameWidth="356" frameHeight="558"/>
	<SubTexture name="GF Dead confirm0032" x="1779" y="564" width="356" height="557" frameX="0" frameY="-1" frameWidth="356" frameHeight="558"/>
	<SubTexture name="GF Dead confirm0033" x="1779" y="564" width="356" height="557" frameX="0" frameY="-1" frameWidth="356" frameHeight="558"/>
	<SubTexture name="GF HEY!!0000" x="2135" y="564" width="334" height="525" frameX="0" frameY="-3" frameWidth="334" frameHeight="528"/>
	<SubTexture name="GF HEY!!0001" x="2135" y="564" width="334" height="525" frameX="0" frameY="-3" frameWidth="334" frameHeight="528"/>
	<SubTexture name="GF HEY!!0002" x="2469" y="564" width="333" height="528" frameX="-1" frameY="0" frameWidth="334" frameHeight="528"/>
	<SubTexture name="GF HEY!!0003" x="2469" y="564" width="333" height="528" frameX="-1" frameY="0" frameWidth="334" frameHeight="528"/>
	<SubTexture name="GF HEY!!0004" x="2135" y="564" width="334" height="525" frameX="0" frameY="-3" frameWidth="334" frameHeight="528"/>
	<SubTexture name="GF HEY!!0005" x="2135" y="564" width="334" height="525" frameX="0" frameY="-3" frameWidth="334" frameHeight="528"/>
	<SubTexture name="GF HEY!!0006" x="2135" y="564" width="334" height="525" frameX="0" frameY="-3" frameWidth="334" frameHeight="528"/>
	<SubTexture name="GF HEY!!0007" x="2135" y="564" width="334" height="525" frameX="0" frameY="-3" frameWidth="334" frameHeight="528"/>
	<SubTexture name="GF HEY!!0008" x="2135" y="564" width="334" height="525" frameX="0" frameY="-3" frameWidth="334" frameHeight="528"/>
	<SubTexture name="GF HEY!!0009" x="2135" y="564" width="334" height="525" frameX="0" frameY="-3" frameWidth="334" frameHeight="528"/>
	<SubTexture name="GF HEY!!0010" x="2135" y="564" width="334" height="525" frameX="0" frameY="-3" frameWidth="334" frameHeight="528"/>
	<SubTexture name="GF HEY!!0011" x="2135" y="564" width="334" height="525" frameX="0" frameY="-3" frameWidth="334" frameHeight="528"/>
	<SubTexture name="GF HEY!!0012" x="2135" y="564" width="334" height="525" frameX="0" frameY="-3" frameWidth="334" frameHeight="528"/>
	<SubTexture name="GF HEY!!0013" x="2135" y="564" width="334" height="525" frameX="0" frameY="-3" frameWidth="334" frameHeight="528"/>
	<SubTexture name="GF HEY!!0014" x="2135" y="564" width="334" height="525" frameX="0" frameY="-3" frameWidth="334" frameHeight="528"/>
	<SubTexture name="GF HEY!!0015" x="2135" y="564" width="334" height="525" frameX="0" frameY="-3" frameWidth="334" frameHeight="528"/>
	<SubTexture name="GF HEY!!0016" x="2135" y="564" width="334" height="525" frameX="0" frameY="-3" frameWidth="334" frameHeight="528"/>
	<SubTexture name="GF HEY!!0017" x="2135" y="564" width="334" height="525" frameX="0" frameY="-3" frameWidth="334" frameHeight="528"/>
	<SubTexture name="GF HEY!!0018" x="2135" y="564" width="334" height="525" frameX="0" frameY="-3" frameWidth="334" frameHeight="528"/>
	<SubTexture name="GF HEY!!0019" x="2135" y="564" width="334" height="525" frameX="0" frameY="-3" frameWidth="334" frameHeight="528"/>
	<SubTexture name="GF HEY!!0020" x="2135" y="564" width="334" height="525" frameX="0" frameY="-3" frameWidth="334" frameHeight="528"/>
	<SubTexture name="GF HEY!!0021" x="2135" y="564" width="334" height="525" frameX="0" frameY="-3" frameWidth="334" frameHeight="528"/>
	<SubTexture name="GF HEY!!0022" x="2135" y="564" width="334" height="525" frameX="0" frameY="-3" frameWidth="334" frameHeight="528"/>
	<SubTexture name="GF HEY!!0023" x="2135" y="564" width="334" height="525" frameX="0" frameY="-3" frameWidth="334" frameHeight="528"/>
	<SubTexture name="GF HEY!!0024" x="2135" y="564" width="334" height="525" frameX="0" frameY="-3" frameWidth="334" frameHeight="528"/>
	<SubTexture name="GF HEY!!0025" x="2135" y="564" width="334" height="525" frameX="0" frameY="-3" frameWidth="334" frameHeight="528"/>
	<SubTexture name="GF NOTE DOWN0000" x="2802" y="564" width="316" height="526" frameX="0" frameY="-3" frameWidth="317" frameHeight="529"/>
	<SubTexture name="GF NOTE DOWN0001" x="2802" y="564" width="316" height="526" frameX="0" frameY="-3" frameWidth="317" frameHeight="529"/>
	<SubTexture name="GF NOTE DOWN0002" x="3118" y="564" width="316" height="529" frameX="-1" frameY="0" frameWidth="317" frameHeight="529"/>
	<SubTexture name="GF NOTE DOWN0003" x="3118" y="564" width="316" height="529" frameX="-1" frameY="0" frameWidth="317" frameHeight="529"/>
	<SubTexture name="GF NOTE DOWN0004" x="3118" y="564" width="316" height="529" frameX="-1" frameY="0" frameWidth="317" frameHeight="529"/>
	<SubTexture name="GF NOTE DOWN0005" x="3118" y="564" width="316" height="529" frameX="-1" frameY="0" frameWidth="317" frameHeight="529"/>
	<SubTexture name="GF NOTE DOWN0006" x="3118" y="564" width="316" height="529" frameX="-1" frameY="0" frameWidth="317" frameHeight="529"/>
	<SubTexture name="GF NOTE DOWN0007" x="3118" y="564" width="316" height="529" frameX="-1" frameY="0" frameWidth="317" frameHeight="529"/>
	<SubTexture name="GF NOTE DOWN0008" x="3118" y="564" width="316" height="529" frameX="-1" frameY="0" frameWidth="317" frameHeight="529"/>
	<SubTexture name="GF NOTE DOWN0009" x="3118" y="564" width="316" height="529" frameX="-1" frameY="0" frameWidth="317" frameHeight="529"/>
	<SubTexture name="GF NOTE DOWN0010" x="3118" y="564" width="316" height="529" frameX="-1" frameY="0" frameWidth="317" frameHeight="529"/>
	<SubTexture name="GF NOTE DOWN0011" x="3118" y="564" width="316" height="529" frameX="-1" frameY="0" frameWidth="317" frameHeight="529"/>
	<SubTexture name="GF NOTE DOWN0012" x="3118" y="564" width="316" height="529" frameX="-1" frameY="0" frameWidth="317" frameHeight="529"/>
	<SubTexture name="GF NOTE DOWN0013" x="3118" y="564" width="316" height="529" frameX="-1" frameY="0" frameWidth="317" frameHeight="529"/>
	<SubTexture name="GF NOTE DOWN0014" x="3118" y="564" width="316" height="529" frameX="-1" frameY="0" frameWidth="317" frameHeight="529"/>
	<SubTexture name="GF NOTE DOWN MISS0000" x="3434" y="564" width="311" height="548" frameX="-3" frameY="0" frameWidth="317" frameHeight="549"/>
	<SubTexture name="GF NOTE DOWN MISS0001" x="3434" y="564" width="311" height="548" frameX="-3" frameY="0" frameWidth="317" frameHeight="549"/>
	<SubTexture name="GF NOTE DOWN MISS0002" x="3745" y="564" width="317" height="538" frameX="0" frameY="-11" frameWidth="317" frameHeight="549"/>
	<SubTexture name="GF NOTE DOWN MISS0003" x="3745" y="564" width="317" height="538" frameX="0" frameY="-11" frameWidth="317" frameHeight="549"/>
	<SubTexture name="GF NOTE DOWN MISS0004" x="3745" y="564" width="317" height="538" frameX="0" frameY="-11" frameWidth="317" frameHeight="549"/>
	<SubTexture name="GF NOTE DOWN MISS0005" x="3745" y="564" width="317" height="538" frameX="0" frameY="-11" frameWidth="317" frameHeight="549"/>
	<SubTexture name="GF NOTE DOWN MISS0006" x="3745" y="564" width="317" height="538" frameX="0" frameY="-11" frameWidth="317" frameHeight="549"/>
	<SubTexture name="GF NOTE DOWN MISS0007" x="3745" y="564" width="317" height="538" frameX="0" frameY="-11" frameWidth="317" frameHeight="549"/>
	<SubTexture name="GF NOTE DOWN MISS0008" x="3745" y="564" width="317" height="538" frameX="0" frameY="-11" frameWidth="317" frameHeight="549"/>
	<SubTexture name="GF NOTE DOWN MISS0009" x="3745" y="564" width="317" height="538" frameX="0" frameY="-11" frameWidth="317" frameHeight="549"/>
	<SubTexture name="GF NOTE DOWN MISS0010" x="3745" y="564" width="317" height="538" frameX="0" frameY="-11" frameWidth="317" frameHeight="549"/>
	<SubTexture name="GF NOTE DOWN MISS0011" x="3745" y="564" width="317" height="538" frameX="0" frameY="-11" frameWidth="317" frameHeight="549"/>
	<SubTexture name="GF NOTE DOWN MISS0012" x="3745" y="564" width="317" height="538" frameX="0" frameY="-11" frameWidth="317" frameHeight="549"/>
	<SubTexture name="GF NOTE DOWN MISS0013" x="3745" y="564" width="317" height="538" frameX="0" frameY="-11" frameWidth="317" frameHeight="549"/>
	<SubTexture name="GF NOTE DOWN MISS0014" x="3745" y="564" width="317" height="538" frameX="0" frameY="-11" frameWidth="317" frameHeight="549"/>
	<SubTexture name="GF NOTE DOWN MISS0015" x="3745" y="564" width="317" height="538" frameX="0" frameY="-11" frameWidth="317" frameHeight="549"/>
	<SubTexture name="GF NOTE DOWN MISS0016" x="3745" y="564" width="317" height="538" frameX="0" frameY="-11" frameWidth="317" frameHeight="549"/>
	<SubTexture name="GF NOTE DOWN MISS0017" x="3745" y="564" width="317" height="538" frameX="0" frameY="-11" frameWidth="317" frameHeight="549"/>
	<SubTexture name="GF NOTE DOWN MISS0018" x="3745" y="564" width="317" height="538" frameX="0" frameY="-11" frameWidth="317" frameHeight="549"/>
	<SubTexture name="GF NOTE DOWN MISS0019" x="3745" y="564" width="317" height="538" frameX="0" frameY="-11" frameWidth="317" frameHeight="549"/>
	<SubTexture name="GF NOTE DOWN MISS0020" x="3745" y="564" width="317" height="538" frameX="0" frameY="-11" frameWidth="317" frameHeight="549"/>
	<SubTexture name="GF NOTE DOWN MISS0021" x="3745" y="564" width="317" height="538" frameX="0" frameY="-11" frameWidth="317" frameHeight="549"/>
	<SubTexture name="GF NOTE DOWN MISS0022" x="3745" y="564" width="317" height="538" frameX="0" frameY="-11" frameWidth="317" frameHeight="549"/>
	<SubTexture name="GF NOTE DOWN MISS0023" x="3745" y="564" width="317" height="538" frameX="0" frameY="-11" frameWidth="317" frameHeight="549"/>
	<SubTexture name="GF NOTE DOWN MISS0024" x="3745" y="564" width="317" height="538" frameX="0" frameY="-11" frameWidth="317" frameHeight="549"/>
	<SubTexture name="GF NOTE DOWN MISS0025" x="3745" y="564" width="317" height="538" frameX="0" frameY="-11" frameWidth="317" frameHeight="549"/>
	<SubTexture name="GF NOTE DOWN MISS0026" x="3745" y="564" width="317" height="538" frameX="0" frameY="-11" frameWidth="317" frameHeight="549"/>
	<SubTexture name="GF NOTE DOWN MISS0027" x="3745" y="564" width="317" height="538" frameX="0" frameY="-11" frameWidth="317" frameHeight="549"/>
	<SubTexture name="GF NOTE LEFT0000" x="2" y="1122" width="336" height="539" frameX="0" frameY="0" frameWidth="338" frameHeight="539"/>
	<SubTexture name="GF NOTE LEFT0001" x="2" y="1122" width="336" height="539" frameX="0" frameY="0" frameWidth="338" frameHeight="539"/>
	<SubTexture name="GF NOTE LEFT0002" x="338" y="1122" width="331" height="537" frameX="-7" frameY="-2" frameWidth="338" frameHeight="539"/>
	<SubTexture name="GF NOTE LEFT0003" x="338" y="1122" width="331" height="537" frameX="-7" frameY="-2" frameWidth="338" frameHeight="539"/>
	<SubTexture name="GF NOTE LEFT0004" x="338" y="1122" width="331" height="537" frameX="-7" frameY="-2" frameWidth="338" frameHeight="539"/>
	<SubTexture name="GF NOTE LEFT0005" x="338" y="1122" width="331" height="537" frameX="-7" frameY="-2" frameWidth="338" frameHeight="539"/>
	<SubTexture name="GF NOTE LEFT0006" x="338" y="1122" width="331" height="537" frameX="-7" frameY="-2" frameWidth="338" frameHeight="539"/>
	<SubTexture name="GF NOTE LEFT0007" x="338" y="1122" width="331" height="537" frameX="-7" frameY="-2" frameWidth="338" frameHeight="539"/>
	<SubTexture name="GF NOTE LEFT0008" x="338" y="1122" width="331" height="537" frameX="-7" frameY="-2" frameWidth="338" frameHeight="539"/>
	<SubTexture name="GF NOTE LEFT0009" x="338" y="1122" width="331" height="537" frameX="-7" frameY="-2" frameWidth="338" frameHeight="539"/>
	<SubTexture name="GF NOTE LEFT0010" x="338" y="1122" width="331" height="537" frameX="-7" frameY="-2" frameWidth="338" frameHeight="539"/>
	<SubTexture name="GF NOTE LEFT0011" x="338" y="1122" width="331" height="537" frameX="-7" frameY="-2" frameWidth="338" frameHeight="539"/>
	<SubTexture name="GF NOTE LEFT0012" x="338" y="1122" width="331" height="537" frameX="-7" frameY="-2" frameWidth="338" frameHeight="539"/>
	<SubTexture name="GF NOTE LEFT0013" x="338" y="1122" width="331" height="537" frameX="-7" frameY="-2" frameWidth="338" frameHeight="539"/>
	<SubTexture name="GF NOTE LEFT0014" x="338" y="1122" width="331" height="537" frameX="-7" frameY="-2" frameWidth="338" frameHeight="539"/>
	<SubTexture name="GF NOTE LEFT MISS0000" x="669" y="1122" width="333" height="545" frameX="0" frameY="-3" frameWidth="343" frameHeight="548"/>
	<SubTexture name="GF NOTE LEFT MISS0001" x="669" y="1122" width="333" height="545" frameX="0" frameY="-3" frameWidth="343" frameHeight="548"/>
	<SubTexture name="GF NOTE LEFT MISS0002" x="1002" y="1122" width="336" height="548" frameX="-7" frameY="0" frameWidth="343" frameHeight="548"/>
	<SubTexture name="GF NOTE LEFT MISS0003" x="1002" y="1122" width="336" height="548" frameX="-7" frameY="0" frameWidth="343" frameHeight="548"/>
	<SubTexture name="GF NOTE LEFT MISS0004" x="1002" y="1122" width="336" height="548" frameX="-7" frameY="0" frameWidth="343" frameHeight="548"/>
	<SubTexture name="GF NOTE LEFT MISS0005" x="1002" y="1122" width="336" height="548" frameX="-7" frameY="0" frameWidth="343" frameHeight="548"/>
	<SubTexture name="GF NOTE LEFT MISS0006" x="1002" y="1122" width="336" height="548" frameX="-7" frameY="0" frameWidth="343" frameHeight="548"/>
	<SubTexture name="GF NOTE LEFT MISS0007" x="1002" y="1122" width="336" height="548" frameX="-7" frameY="0" frameWidth="343" frameHeight="548"/>
	<SubTexture name="GF NOTE LEFT MISS0008" x="1002" y="1122" width="336" height="548" frameX="-7" frameY="0" frameWidth="343" frameHeight="548"/>
	<SubTexture name="GF NOTE LEFT MISS0009" x="1002" y="1122" width="336" height="548" frameX="-7" frameY="0" frameWidth="343" frameHeight="548"/>
	<SubTexture name="GF NOTE LEFT MISS0010" x="1002" y="1122" width="336" height="548" frameX="-7" frameY="0" frameWidth="343" frameHeight="548"/>
	<SubTexture name="GF NOTE LEFT MISS0011" x="1002" y="1122" width="336" height="548" frameX="-7" frameY="0" frameWidth="343" frameHeight="548"/>
	<SubTexture name="GF NOTE LEFT MISS0012" x="1002" y="1122" width="336" height="548" frameX="-7" frameY="0" frameWidth="343" frameHeight="548"/>
	<SubTexture name="GF NOTE LEFT MISS0013" x="1002" y="1122" width="336" height="548" frameX="-7" frameY="0" frameWidth="343" frameHeight="548"/>
	<SubTexture name="GF NOTE LEFT MISS0014" x="1002" y="1122" width="336" height="548" frameX="-7" frameY="0" frameWidth="343" frameHeight="548"/>
	<SubTexture name="GF NOTE LEFT MISS0015" x="1002" y="1122" width="336" height="548" frameX="-7" frameY="0" frameWidth="343" frameHeight="548"/>
	<SubTexture name="GF NOTE LEFT MISS0016" x="1002" y="1122" width="336" height="548" frameX="-7" frameY="0" frameWidth="343" frameHeight="548"/>
	<SubTexture name="GF NOTE LEFT MISS0017" x="1002" y="1122" width="336" height="548" frameX="-7" frameY="0" frameWidth="343" frameHeight="548"/>
	<SubTexture name="GF NOTE LEFT MISS0018" x="1002" y="1122" width="336" height="548" frameX="-7" frameY="0" frameWidth="343" frameHeight="548"/>
	<SubTexture name="GF NOTE LEFT MISS0019" x="1002" y="1122" width="336" height="548" frameX="-7" frameY="0" frameWidth="343" frameHeight="548"/>
	<SubTexture name="GF NOTE LEFT MISS0020" x="1002" y="1122" width="336" height="548" frameX="-7" frameY="0" frameWidth="343" frameHeight="548"/>
	<SubTexture name="GF NOTE LEFT MISS0021" x="1002" y="1122" width="336" height="548" frameX="-7" frameY="0" frameWidth="343" frameHeight="548"/>
	<SubTexture name="GF NOTE LEFT MISS0022" x="1002" y="1122" width="336" height="548" frameX="-7" frameY="0" frameWidth="343" frameHeight="548"/>
	<SubTexture name="GF NOTE LEFT MISS0023" x="1002" y="1122" width="336" height="548" frameX="-7" frameY="0" frameWidth="343" frameHeight="548"/>
	<SubTexture name="GF NOTE LEFT MISS0024" x="1002" y="1122" width="336" height="548" frameX="-7" frameY="0" frameWidth="343" frameHeight="548"/>
	<SubTexture name="GF NOTE LEFT MISS0025" x="1002" y="1122" width="336" height="548" frameX="-7" frameY="0" frameWidth="343" frameHeight="548"/>
	<SubTexture name="GF NOTE LEFT MISS0026" x="1002" y="1122" width="336" height="548" frameX="-7" frameY="0" frameWidth="343" frameHeight="548"/>
	<SubTexture name="GF NOTE LEFT MISS0027" x="1002" y="1122" width="336" height="548" frameX="-7" frameY="0" frameWidth="343" frameHeight="548"/>
	<SubTexture name="GF NOTE LEFT MISS0028" x="1002" y="1122" width="336" height="548" frameX="-7" frameY="0" frameWidth="343" frameHeight="548"/>
	<SubTexture name="GF NOTE LEFT MISS0029" x="1002" y="1122" width="336" height="548" frameX="-7" frameY="0" frameWidth="343" frameHeight="548"/>
	<SubTexture name="GF NOTE LEFT MISS0030" x="1002" y="1122" width="336" height="548" frameX="-7" frameY="0" frameWidth="343" frameHeight="548"/>
	<SubTexture name="GF NOTE LEFT MISS0031" x="1002" y="1122" width="336" height="548" frameX="-7" frameY="0" frameWidth="343" frameHeight="548"/>
	<SubTexture name="GF NOTE LEFT MISS0032" x="1002" y="1122" width="336" height="548" frameX="-7" frameY="0" frameWidth="343" frameHeight="548"/>
	<SubTexture name="GF NOTE RIGHT0000" x="1338" y="1122" width="328" height="527" frameX="0" frameY="-2" frameWidth="328" frameHeight="529"/>
	<SubTexture name="GF NOTE RIGHT0001" x="1338" y="1122" width="328" height="527" frameX="0" frameY="-2" frameWidth="328" frameHeight="529"/>
	<SubTexture name="GF NOTE RIGHT0002" x="1666" y="1122" width="322" height="529" frameX="-1" frameY="0" frameWidth="328" frameHeight="529"/>
	<SubTexture name="GF NOTE RIGHT0003" x="1666" y="1122" width="322" height="529" frameX="-1" frameY="0" frameWidth="328" frameHeight="529"/>
	<SubTexture name="GF NOTE RIGHT0004" x="1666" y="1122" width="322" height="529" frameX="-1" frameY="0" frameWidth="328" frameHeight="529"/>
	<SubTexture name="GF NOTE RIGHT0005" x="1666" y="1122" width="322" height="529" frameX="-1" frameY="0" frameWidth="328" frameHeight="529"/>
	<SubTexture name="GF NOTE RIGHT0006" x="1666" y="1122" width="322" height="529" frameX="-1" frameY="0" frameWidth="328" frameHeight="529"/>
	<SubTexture name="GF NOTE RIGHT0007" x="1666" y="1122" width="322" height="529" frameX="-1" frameY="0" frameWidth="328" frameHeight="529"/>
	<SubTexture name="GF NOTE RIGHT0008" x="1666" y="1122" width="322" height="529" frameX="-1" frameY="0" frameWidth="328" frameHeight="529"/>
	<SubTexture name="GF NOTE RIGHT0009" x="1666" y="1122" width="322" height="529" frameX="-1" frameY="0" frameWidth="328" frameHeight="529"/>
	<SubTexture name="GF NOTE RIGHT0010" x="1666" y="1122" width="322" height="529" frameX="-1" frameY="0" frameWidth="328" frameHeight="529"/>
	<SubTexture name="GF NOTE RIGHT0011" x="1666" y="1122" width="322" height="529" frameX="-1" frameY="0" frameWidth="328" frameHeight="529"/>
	<SubTexture name="GF NOTE RIGHT0012" x="1666" y="1122" width="322" height="529" frameX="-1" frameY="0" frameWidth="328" frameHeight="529"/>
	<SubTexture name="GF NOTE RIGHT0013" x="1666" y="1122" width="322" height="529" frameX="-1" frameY="0" frameWidth="328" frameHeight="529"/>
	<SubTexture name="GF NOTE RIGHT0014" x="1666" y="1122" width="322" height="529" frameX="-1" frameY="0" frameWidth="328" frameHeight="529"/>
	<SubTexture name="GF NOTE RIGHT MISS0000" x="1988" y="1122" width="334" height="536" frameX="-9" frameY="-3" frameWidth="343" frameHeight="539"/>
	<SubTexture name="GF NOTE RIGHT MISS0001" x="1988" y="1122" width="334" height="536" frameX="-9" frameY="-3" frameWidth="343" frameHeight="539"/>
	<SubTexture name="GF NOTE RIGHT MISS0002" x="2322" y="1122" width="331" height="539" frameX="0" frameY="0" frameWidth="343" frameHeight="539"/>
	<SubTexture name="GF NOTE RIGHT MISS0003" x="2322" y="1122" width="331" height="539" frameX="0" frameY="0" frameWidth="343" frameHeight="539"/>
	<SubTexture name="GF NOTE RIGHT MISS0004" x="2322" y="1122" width="331" height="539" frameX="0" frameY="0" frameWidth="343" frameHeight="539"/>
	<SubTexture name="GF NOTE RIGHT MISS0005" x="2322" y="1122" width="331" height="539" frameX="0" frameY="0" frameWidth="343" frameHeight="539"/>
	<SubTexture name="GF NOTE RIGHT MISS0006" x="2322" y="1122" width="331" height="539" frameX="0" frameY="0" frameWidth="343" frameHeight="539"/>
	<SubTexture name="GF NOTE RIGHT MISS0007" x="2322" y="1122" width="331" height="539" frameX="0" frameY="0" frameWidth="343" frameHeight="539"/>
	<SubTexture name="GF NOTE RIGHT MISS0008" x="2322" y="1122" width="331" height="539" frameX="0" frameY="0" frameWidth="343" frameHeight="539"/>
	<SubTexture name="GF NOTE RIGHT MISS0009" x="2322" y="1122" width="331" height="539" frameX="0" frameY="0" frameWidth="343" frameHeight="539"/>
	<SubTexture name="GF NOTE RIGHT MISS0010" x="2322" y="1122" width="331" height="539" frameX="0" frameY="0" frameWidth="343" frameHeight="539"/>
	<SubTexture name="GF NOTE RIGHT MISS0011" x="2322" y="1122" width="331" height="539" frameX="0" frameY="0" frameWidth="343" frameHeight="539"/>
	<SubTexture name="GF NOTE RIGHT MISS0012" x="2322" y="1122" width="331" height="539" frameX="0" frameY="0" frameWidth="343" frameHeight="539"/>
	<SubTexture name="GF NOTE RIGHT MISS0013" x="2322" y="1122" width="331" height="539" frameX="0" frameY="0" frameWidth="343" frameHeight="539"/>
	<SubTexture name="GF NOTE RIGHT MISS0014" x="2322" y="1122" width="331" height="539" frameX="0" frameY="0" frameWidth="343" frameHeight="539"/>
	<SubTexture name="GF NOTE RIGHT MISS0015" x="2322" y="1122" width="331" height="539" frameX="0" frameY="0" frameWidth="343" frameHeight="539"/>
	<SubTexture name="GF NOTE RIGHT MISS0016" x="2322" y="1122" width="331" height="539" frameX="0" frameY="0" frameWidth="343" frameHeight="539"/>
	<SubTexture name="GF NOTE RIGHT MISS0017" x="2322" y="1122" width="331" height="539" frameX="0" frameY="0" frameWidth="343" frameHeight="539"/>
	<SubTexture name="GF NOTE RIGHT MISS0018" x="2322" y="1122" width="331" height="539" frameX="0" frameY="0" frameWidth="343" frameHeight="539"/>
	<SubTexture name="GF NOTE RIGHT MISS0019" x="2322" y="1122" width="331" height="539" frameX="0" frameY="0" frameWidth="343" frameHeight="539"/>
	<SubTexture name="GF NOTE RIGHT MISS0020" x="2322" y="1122" width="331" height="539" frameX="0" frameY="0" frameWidth="343" frameHeight="539"/>
	<SubTexture name="GF NOTE RIGHT MISS0021" x="2322" y="1122" width="331" height="539" frameX="0" frameY="0" frameWidth="343" frameHeight="539"/>
	<SubTexture name="GF NOTE RIGHT MISS0022" x="2322" y="1122" width="331" height="539" frameX="0" frameY="0" frameWidth="343" frameHeight="539"/>
	<SubTexture name="GF NOTE RIGHT MISS0023" x="2322" y="1122" width="331" height="539" frameX="0" frameY="0" frameWidth="343" frameHeight="539"/>
	<SubTexture name="GF NOTE RIGHT MISS0024" x="2322" y="1122" width="331" height="539" frameX="0" frameY="0" frameWidth="343" frameHeight="539"/>
	<SubTexture name="GF NOTE RIGHT MISS0025" x="2322" y="1122" width="331" height="539" frameX="0" frameY="0" frameWidth="343" frameHeight="539"/>
	<SubTexture name="GF NOTE RIGHT MISS0026" x="2322" y="1122" width="331" height="539" frameX="0" frameY="0" frameWidth="343" frameHeight="539"/>
	<SubTexture name="GF NOTE RIGHT MISS0027" x="2322" y="1122" width="331" height="539" frameX="0" frameY="0" frameWidth="343" frameHeight="539"/>
	<SubTexture name="GF NOTE RIGHT MISS0028" x="2322" y="1122" width="331" height="539" frameX="0" frameY="0" frameWidth="343" frameHeight="539"/>
	<SubTexture name="GF NOTE RIGHT MISS0029" x="2322" y="1122" width="331" height="539" frameX="0" frameY="0" frameWidth="343" frameHeight="539"/>
	<SubTexture name="GF NOTE RIGHT MISS0030" x="2322" y="1122" width="331" height="539" frameX="0" frameY="0" frameWidth="343" frameHeight="539"/>
	<SubTexture name="GF NOTE RIGHT MISS0031" x="2322" y="1122" width="331" height="539" frameX="0" frameY="0" frameWidth="343" frameHeight="539"/>
	<SubTexture name="GF NOTE RIGHT MISS0032" x="2322" y="1122" width="331" height="539" frameX="0" frameY="0" frameWidth="343" frameHeight="539"/>
	<SubTexture name="GF NOTE RIGHT MISS0033" x="2322" y="1122" width="331" height="539" frameX="0" frameY="0" frameWidth="343" frameHeight="539"/>
	<SubTexture name="GF NOTE RIGHT MISS0034" x="2322" y="1122" width="331" height="539" frameX="0" frameY="0" frameWidth="343" frameHeight="539"/>
	<SubTexture name="GF NOTE RIGHT MISS0035" x="2322" y="1122" width="331" height="539" frameX="0" frameY="0" frameWidth="343" frameHeight="539"/>
	<SubTexture name="GF NOTE RIGHT MISS0036" x="2322" y="1122" width="331" height="539" frameX="0" frameY="0" frameWidth="343" frameHeight="539"/>
	<SubTexture name="GF NOTE RIGHT MISS0037" x="2322" y="1122" width="331" height="539" frameX="0" frameY="0" frameWidth="343" frameHeight="539"/>
	<SubTexture name="GF NOTE RIGHT MISS0038" x="2322" y="1122" width="331" height="539" frameX="0" frameY="0" frameWidth="343" frameHeight="539"/>
	<SubTexture name="GF NOTE RIGHT MISS0039" x="2322" y="1122" width="331" height="539" frameX="0" frameY="0" frameWidth="343" frameHeight="539"/>
	<SubTexture name="GF NOTE RIGHT MISS0040" x="2322" y="1122" width="331" height="539" frameX="0" frameY="0" frameWidth="343" frameHeight="539"/>
	<SubTexture name="GF NOTE RIGHT MISS0041" x="2322" y="1122" width="331" height="539" frameX="0" frameY="0" frameWidth="343" frameHeight="539"/>
	<SubTexture name="GF NOTE RIGHT MISS0042" x="2322" y="1122" width="331" height="539" frameX="0" frameY="0" frameWidth="343" frameHeight="539"/>
	<SubTexture name="GF NOTE RIGHT MISS0043" x="2322" y="1122" width="331" height="539" frameX="0" frameY="0" frameWidth="343" frameHeight="539"/>
	<SubTexture name="GF NOTE RIGHT MISS0044" x="2322" y="1122" width="331" height="539" frameX="0" frameY="0" frameWidth="343" frameHeight="539"/>
	<SubTexture name="GF NOTE UP0000" x="2653" y="1122" width="324" height="537" frameX="0" frameY="0" frameWidth="325" frameHeight="537"/>
	<SubTexture name="GF NOTE UP0001" x="2653" y="1122" width="324" height="537" frameX="0" frameY="0" frameWidth="325" frameHeight="537"/>
	<SubTexture name="GF NOTE UP0002" x="2977" y="1122" width="323" height="531" frameX="-2" frameY="-6" frameWidth="325" frameHeight="537"/>
	<SubTexture name="GF NOTE UP0003" x="2977" y="1122" width="323" height="531" frameX="-2" frameY="-6" frameWidth="325" frameHeight="537"/>
	<SubTexture name="GF NOTE UP0004" x="2977" y="1122" width="323" height="531" frameX="-2" frameY="-6" frameWidth="325" frameHeight="537"/>
	<SubTexture name="GF NOTE UP0005" x="2977" y="1122" width="323" height="531" frameX="-2" frameY="-6" frameWidth="325" frameHeight="537"/>
	<SubTexture name="GF NOTE UP0006" x="2977" y="1122" width="323" height="531" frameX="-2" frameY="-6" frameWidth="325" frameHeight="537"/>
	<SubTexture name="GF NOTE UP0007" x="2977" y="1122" width="323" height="531" frameX="-2" frameY="-6" frameWidth="325" frameHeight="537"/>
	<SubTexture name="GF NOTE UP0008" x="2977" y="1122" width="323" height="531" frameX="-2" frameY="-6" frameWidth="325" frameHeight="537"/>
	<SubTexture name="GF NOTE UP0009" x="2977" y="1122" width="323" height="531" frameX="-2" frameY="-6" frameWidth="325" frameHeight="537"/>
	<SubTexture name="GF NOTE UP0010" x="2977" y="1122" width="323" height="531" frameX="-2" frameY="-6" frameWidth="325" frameHeight="537"/>
	<SubTexture name="GF NOTE UP0011" x="2977" y="1122" width="323" height="531" frameX="-2" frameY="-6" frameWidth="325" frameHeight="537"/>
	<SubTexture name="GF NOTE UP0012" x="2977" y="1122" width="323" height="531" frameX="-2" frameY="-6" frameWidth="325" frameHeight="537"/>
	<SubTexture name="GF NOTE UP0013" x="2977" y="1122" width="323" height="531" frameX="-2" frameY="-6" frameWidth="325" frameHeight="537"/>
	<SubTexture name="GF NOTE UP0014" x="2977" y="1122" width="323" height="531" frameX="-2" frameY="-6" frameWidth="325" frameHeight="537"/>
	<SubTexture name="GF NOTE UP MISS0000" x="3300" y="1122" width="326" height="541" frameX="-6" frameY="0" frameWidth="338" frameHeight="541"/>
	<SubTexture name="GF NOTE UP MISS0001" x="3300" y="1122" width="326" height="541" frameX="-6" frameY="0" frameWidth="338" frameHeight="541"/>
	<SubTexture name="GF NOTE UP MISS0002" x="3626" y="1122" width="338" height="525" frameX="0" frameY="-16" frameWidth="338" frameHeight="541"/>
	<SubTexture name="GF NOTE UP MISS0003" x="3626" y="1122" width="338" height="525" frameX="0" frameY="-16" frameWidth="338" frameHeight="541"/>
	<SubTexture name="GF NOTE UP MISS0004" x="3626" y="1122" width="338" height="525" frameX="0" frameY="-16" frameWidth="338" frameHeight="541"/>
	<SubTexture name="GF NOTE UP MISS0005" x="3626" y="1122" width="338" height="525" frameX="0" frameY="-16" frameWidth="338" frameHeight="541"/>
	<SubTexture name="GF NOTE UP MISS0006" x="3626" y="1122" width="338" height="525" frameX="0" frameY="-16" frameWidth="338" frameHeight="541"/>
	<SubTexture name="GF NOTE UP MISS0007" x="3626" y="1122" width="338" height="525" frameX="0" frameY="-16" frameWidth="338" frameHeight="541"/>
	<SubTexture name="GF NOTE UP MISS0008" x="3626" y="1122" width="338" height="525" frameX="0" frameY="-16" frameWidth="338" frameHeight="541"/>
	<SubTexture name="GF NOTE UP MISS0009" x="3626" y="1122" width="338" height="525" frameX="0" frameY="-16" frameWidth="338" frameHeight="541"/>
	<SubTexture name="GF NOTE UP MISS0010" x="3626" y="1122" width="338" height="525" frameX="0" frameY="-16" frameWidth="338" frameHeight="541"/>
	<SubTexture name="GF NOTE UP MISS0011" x="3626" y="1122" width="338" height="525" frameX="0" frameY="-16" frameWidth="338" frameHeight="541"/>
	<SubTexture name="GF NOTE UP MISS0012" x="3626" y="1122" width="338" height="525" frameX="0" frameY="-16" frameWidth="338" frameHeight="541"/>
	<SubTexture name="GF NOTE UP MISS0013" x="3626" y="1122" width="338" height="525" frameX="0" frameY="-16" frameWidth="338" frameHeight="541"/>
	<SubTexture name="GF NOTE UP MISS0014" x="3626" y="1122" width="338" height="525" frameX="0" frameY="-16" frameWidth="338" frameHeight="541"/>
	<SubTexture name="GF NOTE UP MISS0015" x="3626" y="1122" width="338" height="525" frameX="0" frameY="-16" frameWidth="338" frameHeight="541"/>
	<SubTexture name="GF NOTE UP MISS0016" x="3626" y="1122" width="338" height="525" frameX="0" frameY="-16" frameWidth="338" frameHeight="541"/>
	<SubTexture name="GF NOTE UP MISS0017" x="3626" y="1122" width="338" height="525" frameX="0" frameY="-16" frameWidth="338" frameHeight="541"/>
	<SubTexture name="GF NOTE UP MISS0018" x="3626" y="1122" width="338" height="525" frameX="0" frameY="-16" frameWidth="338" frameHeight="541"/>
	<SubTexture name="GF NOTE UP MISS0019" x="3626" y="1122" width="338" height="525" frameX="0" frameY="-16" frameWidth="338" frameHeight="541"/>
	<SubTexture name="GF NOTE UP MISS0020" x="3626" y="1122" width="338" height="525" frameX="0" frameY="-16" frameWidth="338" frameHeight="541"/>
	<SubTexture name="GF NOTE UP MISS0021" x="3626" y="1122" width="338" height="525" frameX="0" frameY="-16" frameWidth="338" frameHeight="541"/>
	<SubTexture name="GF NOTE UP MISS0022" x="3626" y="1122" width="338" height="525" frameX="0" frameY="-16" frameWidth="338" frameHeight="541"/>
	<SubTexture name="GF dies0000" x="2" y="1670" width="352" height="551" frameX="-6" frameY="0" frameWidth="358" frameHeight="552"/>
	<SubTexture name="GF dies0001" x="2" y="1670" width="352" height="551" frameX="-6" frameY="0" frameWidth="358" frameHeight="552"/>
	<SubTexture name="GF dies0002" x="354" y="1670" width="352" height="552" frameX="-6" frameY="0" frameWidth="358" frameHeight="552"/>
	<SubTexture name="GF dies0003" x="706" y="1670" width="352" height="551" frameX="-6" frameY="0" frameWidth="358" frameHeight="552"/>
	<SubTexture name="GF dies0004" x="706" y="1670" width="352" height="551" frameX="-6" frameY="0" frameWidth="358" frameHeight="552"/>
	<SubTexture name="GF dies0005" x="1058" y="1670" width="352" height="551" frameX="-6" frameY="0" frameWidth="358" frameHeight="552"/>
	<SubTexture name="GF dies0006" x="1058" y="1670" width="352" height="551" frameX="-6" frameY="0" frameWidth="358" frameHeight="552"/>
	<SubTexture name="GF dies0007" x="1410" y="1670" width="352" height="551" frameX="-6" frameY="0" frameWidth="358" frameHeight="552"/>
	<SubTexture name="GF dies0008" x="1762" y="1670" width="352" height="551" frameX="-6" frameY="0" frameWidth="358" frameHeight="552"/>
	<SubTexture name="GF dies0009" x="1762" y="1670" width="352" height="551" frameX="-6" frameY="0" frameWidth="358" frameHeight="552"/>
	<SubTexture name="GF dies0010" x="2114" y="1670" width="352" height="551" frameX="-6" frameY="0" frameWidth="358" frameHeight="552"/>
	<SubTexture name="GF dies0011" x="2114" y="1670" width="352" height="551" frameX="-6" frameY="0" frameWidth="358" frameHeight="552"/>
	<SubTexture name="GF dies0012" x="2114" y="1670" width="352" height="551" frameX="-6" frameY="0" frameWidth="358" frameHeight="552"/>
	<SubTexture name="GF dies0013" x="2114" y="1670" width="352" height="551" frameX="-6" frameY="0" frameWidth="358" frameHeight="552"/>
	<SubTexture name="GF dies0014" x="2114" y="1670" width="352" height="551" frameX="-6" frameY="0" frameWidth="358" frameHeight="552"/>
	<SubTexture name="GF dies0015" x="2466" y="1670" width="352" height="551" frameX="-6" frameY="0" frameWidth="358" frameHeight="552"/>
	<SubTexture name="GF dies0016" x="2818" y="1670" width="352" height="551" frameX="-6" frameY="0" frameWidth="358" frameHeight="552"/>
	<SubTexture name="GF dies0017" x="2818" y="1670" width="352" height="551" frameX="-6" frameY="0" frameWidth="358" frameHeight="552"/>
	<SubTexture name="GF dies0018" x="3170" y="1670" width="352" height="551" frameX="-6" frameY="0" frameWidth="358" frameHeight="552"/>
	<SubTexture name="GF dies0019" x="3170" y="1670" width="352" height="551" frameX="-6" frameY="0" frameWidth="358" frameHeight="552"/>
	<SubTexture name="GF dies0020" x="3522" y="1670" width="352" height="551" frameX="-6" frameY="0" frameWidth="358" frameHeight="552"/>
	<SubTexture name="GF dies0021" x="3522" y="1670" width="352" height="551" frameX="-6" frameY="0" frameWidth="358" frameHeight="552"/>
	<SubTexture name="GF dies0022" x="2" y="2222" width="352" height="551" frameX="-6" frameY="-1" frameWidth="358" frameHeight="552"/>
	<SubTexture name="GF dies0023" x="2" y="2222" width="352" height="551" frameX="-6" frameY="-1" frameWidth="358" frameHeight="552"/>
	<SubTexture name="GF dies0024" x="354" y="2222" width="353" height="551" frameX="-5" frameY="-1" frameWidth="358" frameHeight="552"/>
	<SubTexture name="GF dies0025" x="707" y="2222" width="358" height="551" frameX="0" frameY="-1" frameWidth="358" frameHeight="552"/>
	<SubTexture name="GF dies0026" x="1065" y="2222" width="358" height="552"/>
	<SubTexture name="GF dies0027" x="1423" y="2222" width="352" height="552" frameX="-6" frameY="0" frameWidth="358" frameHeight="552"/>
	<SubTexture name="GF dies0028" x="1775" y="2222" width="352" height="552" frameX="-6" frameY="0" frameWidth="358" frameHeight="552"/>
	<SubTexture name="GF dies0029" x="2127" y="2222" width="352" height="552" frameX="-6" frameY="0" frameWidth="358" frameHeight="552"/>
	<SubTexture name="GF dies0030" x="2479" y="2222" width="352" height="552" frameX="-6" frameY="0" frameWidth="358" frameHeight="552"/>
	<SubTexture name="GF dies0031" x="2831" y="2222" width="352" height="552" frameX="-6" frameY="0" frameWidth="358" frameHeight="552"/>
	<SubTexture name="GF dies0032" x="2831" y="2222" width="352" height="552" frameX="-6" frameY="0" frameWidth="358" frameHeight="552"/>
	<SubTexture name="GF dies0033" x="2831" y="2222" width="352" height="552" frameX="-6" frameY="0" frameWidth="358" frameHeight="552"/>
	<SubTexture name="GF dies0034" x="2831" y="2222" width="352" height="552" frameX="-6" frameY="0" frameWidth="358" frameHeight="552"/>
	<SubTexture name="GF dies0035" x="2831" y="2222" width="352" height="552" frameX="-6" frameY="0" frameWidth="358" frameHeight="552"/>
	<SubTexture name="GF dies0036" x="2831" y="2222" width="352" height="552" frameX="-6" frameY="0" frameWidth="358" frameHeight="552"/>
	<SubTexture name="GF dies0037" x="2831" y="2222" width="352" height="552" frameX="-6" frameY="0" frameWidth="358" frameHeight="552"/>
	<SubTexture name="GF dies0038" x="2831" y="2222" width="352" height="552" frameX="-6" frameY="0" frameWidth="358" frameHeight="552"/>
	<SubTexture name="GF dies0039" x="2831" y="2222" width="352" height="552" frameX="-6" frameY="0" frameWidth="358" frameHeight="552"/>
	<SubTexture name="GF dies0040" x="2831" y="2222" width="352" height="552" frameX="-6" frameY="0" frameWidth="358" frameHeight="552"/>
	<SubTexture name="GF dies0041" x="2831" y="2222" width="352" height="552" frameX="-6" frameY="0" frameWidth="358" frameHeight="552"/>
	<SubTexture name="GF dies0042" x="2831" y="2222" width="352" height="552" frameX="-6" frameY="0" frameWidth="358" frameHeight="552"/>
	<SubTexture name="GF dies0043" x="2831" y="2222" width="352" height="552" frameX="-6" frameY="0" frameWidth="358" frameHeight="552"/>
	<SubTexture name="GF dies0044" x="2831" y="2222" width="352" height="552" frameX="-6" frameY="0" frameWidth="358" frameHeight="552"/>
	<SubTexture name="GF dies0045" x="2831" y="2222" width="352" height="552" frameX="-6" frameY="0" frameWidth="358" frameHeight="552"/>
	<SubTexture name="GF dies0046" x="2831" y="2222" width="352" height="552" frameX="-6" frameY="0" frameWidth="358" frameHeight="552"/>
	<SubTexture name="GF dies0047" x="2831" y="2222" width="352" height="552" frameX="-6" frameY="0" frameWidth="358" frameHeight="552"/>
	<SubTexture name="GF dies0048" x="2831" y="2222" width="352" height="552" frameX="-6" frameY="0" frameWidth="358" frameHeight="552"/>
	<SubTexture name="GF dies0049" x="2831" y="2222" width="352" height="552" frameX="-6" frameY="0" frameWidth="358" frameHeight="552"/>
	<SubTexture name="GF dies0050" x="2831" y="2222" width="352" height="552" frameX="-6" frameY="0" frameWidth="358" frameHeight="552"/>
	<SubTexture name="GF dies0051" x="2831" y="2222" width="352" height="552" frameX="-6" frameY="0" frameWidth="358" frameHeight="552"/>
	<SubTexture name="GF dies0052" x="2831" y="2222" width="352" height="552" frameX="-6" frameY="0" frameWidth="358" frameHeight="552"/>
	<SubTexture name="GF dies0053" x="2831" y="2222" width="352" height="552" frameX="-6" frameY="0" frameWidth="358" frameHeight="552"/>
	<SubTexture name="GF dies0054" x="2831" y="2222" width="352" height="552" frameX="-6" frameY="0" frameWidth="358" frameHeight="552"/>
	<SubTexture name="GF dies0055" x="2831" y="2222" width="352" height="552" frameX="-6" frameY="0" frameWidth="358" frameHeight="552"/>
	<SubTexture name="GF dies0056" x="2831" y="2222" width="352" height="552" frameX="-6" frameY="0" frameWidth="358" frameHeight="552"/>
	<SubTexture name="GF dies0057" x="2831" y="2222" width="352" height="552" frameX="-6" frameY="0" frameWidth="358" frameHeight="552"/>
	<SubTexture name="GF idle dance0000" x="3183" y="2222" width="344" height="529" frameX="0" frameY="0" frameWidth="350" frameHeight="529"/>
	<SubTexture name="GF idle dance0001" x="3183" y="2222" width="344" height="529" frameX="0" frameY="0" frameWidth="350" frameHeight="529"/>
	<SubTexture name="GF idle dance0002" x="3527" y="2222" width="333" height="521" frameX="-2" frameY="-8" frameWidth="350" frameHeight="529"/>
	<SubTexture name="GF idle dance0003" x="3527" y="2222" width="333" height="521" frameX="-2" frameY="-8" frameWidth="350" frameHeight="529"/>
	<SubTexture name="GF idle dance0004" x="2" y="2774" width="350" height="521" frameX="0" frameY="-8" frameWidth="350" frameHeight="529"/>
	<SubTexture name="GF idle dance0005" x="2" y="2774" width="350" height="521" frameX="0" frameY="-8" frameWidth="350" frameHeight="529"/>
	<SubTexture name="GF idle dance0006" x="352" y="2774" width="346" height="524" frameX="0" frameY="-5" frameWidth="350" frameHeight="529"/>
	<SubTexture name="GF idle dance0007" x="352" y="2774" width="346" height="524" frameX="0" frameY="-5" frameWidth="350" frameHeight="529"/>
	<SubTexture name="GF idle dance0008" x="698" y="2774" width="344" height="527" frameX="0" frameY="-2" frameWidth="350" frameHeight="529"/>
	<SubTexture name="GF idle dance0009" x="698" y="2774" width="344" height="527" frameX="0" frameY="-2" frameWidth="350" frameHeight="529"/>
	<SubTexture name="GF idle dance0010" x="3183" y="2222" width="344" height="529" frameX="0" frameY="0" frameWidth="350" frameHeight="529"/>
	<SubTexture name="GF idle dance0011" x="3183" y="2222" width="344" height="529" frameX="0" frameY="0" frameWidth="350" frameHeight="529"/>
	<SubTexture name="GF idle dance0012" x="3183" y="2222" width="344" height="529" frameX="0" frameY="0" frameWidth="350" frameHeight="529"/>
	<SubTexture name="GF idle dance0013" x="3183" y="2222" width="344" height="529" frameX="0" frameY="0" frameWidth="350" frameHeight="529"/>
	<SubTexture name="GF idle dance0014" x="3183" y="2222" width="344" height="529" frameX="0" frameY="0" frameWidth="350" frameHeight="529"/>
	<SubTexture name="GF idle shaking0000" x="1042" y="2774" width="335" height="530" frameX="-1" frameY="-3" frameWidth="337" frameHeight="533"/>
	<SubTexture name="GF idle shaking0001" x="1377" y="2774" width="336" height="533" frameX="-1" frameY="0" frameWidth="337" frameHeight="533"/>
	<SubTexture name="GF idle shaking0002" x="1713" y="2774" width="332" height="527" frameX="-4" frameY="-6" frameWidth="337" frameHeight="533"/>
	<SubTexture name="GF idle shaking0003" x="2045" y="2774" width="332" height="530" frameX="0" frameY="-3" frameWidth="337" frameHeight="533"/>
</TextureAtlas>
