﻿<?xml version="1.0" encoding="utf-8"?>
<TextureAtlas imagePath="Playable GF V2.png">
	<!-- Created with Adobe Animate version 22.0.0.93 -->
	<!-- http://www.adobe.com/products/animate.html -->
	<SubTexture name="GF Death Continue0000" x="14" y="14" width="325" height="496"/>
	<SubTexture name="GF Death Continue0001" x="14" y="14" width="325" height="496"/>
	<SubTexture name="GF Death Continue0002" x="354" y="14" width="320" height="494" frameX="0" frameY="-2" frameWidth="325" frameHeight="496"/>
	<SubTexture name="GF Death Continue0003" x="354" y="14" width="320" height="494" frameX="0" frameY="-2" frameWidth="325" frameHeight="496"/>
	<SubTexture name="GF Death Continue0004" x="689" y="14" width="320" height="496" frameX="0" frameY="0" frameWidth="325" frameHeight="496"/>
	<SubTexture name="GF Death Continue0005" x="689" y="14" width="320" height="496" frameX="0" frameY="0" frameWidth="325" frameHeight="496"/>
	<SubTexture name="GF Death Continue0006" x="1024" y="14" width="320" height="496" frameX="0" frameY="0" frameWidth="325" frameHeight="496"/>
	<SubTexture name="GF Death Continue0007" x="1024" y="14" width="320" height="496" frameX="0" frameY="0" frameWidth="325" frameHeight="496"/>
	<SubTexture name="GF Death Continue0008" x="1359" y="14" width="320" height="496" frameX="0" frameY="0" frameWidth="325" frameHeight="496"/>
	<SubTexture name="GF Death Continue0009" x="1359" y="14" width="320" height="496" frameX="0" frameY="0" frameWidth="325" frameHeight="496"/>
	<SubTexture name="GF Death Continue0010" x="1359" y="14" width="320" height="496" frameX="0" frameY="0" frameWidth="325" frameHeight="496"/>
	<SubTexture name="GF Death Continue0011" x="1359" y="14" width="320" height="496" frameX="0" frameY="0" frameWidth="325" frameHeight="496"/>
	<SubTexture name="GF Death Continue0012" x="1359" y="14" width="320" height="496" frameX="0" frameY="0" frameWidth="325" frameHeight="496"/>
	<SubTexture name="GF Death Continue0013" x="1359" y="14" width="320" height="496" frameX="0" frameY="0" frameWidth="325" frameHeight="496"/>
	<SubTexture name="GF Death Continue0014" x="1359" y="14" width="320" height="496" frameX="0" frameY="0" frameWidth="325" frameHeight="496"/>
	<SubTexture name="GF Death Continue0015" x="1359" y="14" width="320" height="496" frameX="0" frameY="0" frameWidth="325" frameHeight="496"/>
	<SubTexture name="GF Death Loop0000" x="1694" y="14" width="320" height="496"/>
	<SubTexture name="GF Death Loop0001" x="1694" y="14" width="320" height="496"/>
	<SubTexture name="GF Death Loop0002" x="2029" y="14" width="320" height="496"/>
	<SubTexture name="GF Death Loop0003" x="2029" y="14" width="320" height="496"/>
	<SubTexture name="GF Death Loop0004" x="2029" y="14" width="320" height="496"/>
	<SubTexture name="GF Death Loop0005" x="2029" y="14" width="320" height="496"/>
	<SubTexture name="GF Death Loop0006" x="2364" y="14" width="320" height="496"/>
	<SubTexture name="GF Death Loop0007" x="2364" y="14" width="320" height="496"/>
	<SubTexture name="GF Death Loop0008" x="2364" y="14" width="320" height="496"/>
	<SubTexture name="GF Death Loop0009" x="2364" y="14" width="320" height="496"/>
	<SubTexture name="GF Death Loop0010" x="2364" y="14" width="320" height="496"/>
	<SubTexture name="GF Death Loop0011" x="2364" y="14" width="320" height="496"/>
	<SubTexture name="GF Death Loop0012" x="2364" y="14" width="320" height="496"/>
	<SubTexture name="GF Death Loop0013" x="2364" y="14" width="320" height="496"/>
	<SubTexture name="GF Death Loop0014" x="2364" y="14" width="320" height="496"/>
	<SubTexture name="GF Death Loop0015" x="2364" y="14" width="320" height="496"/>
	<SubTexture name="GF Dodge0000" x="2699" y="14" width="443" height="468" frameX="-3" frameY="-2" frameWidth="446" frameHeight="470"/>
	<SubTexture name="GF Dodge0001" x="3157" y="14" width="430" height="467" frameX="-4" frameY="-3" frameWidth="446" frameHeight="470"/>
	<SubTexture name="GF Dodge0002" x="3602" y="14" width="429" height="469" frameX="-1" frameY="0" frameWidth="446" frameHeight="470"/>
	<SubTexture name="GF Dodge0003" x="14" y="525" width="429" height="467" frameX="0" frameY="-2" frameWidth="446" frameHeight="470"/>
	<SubTexture name="GF Dodge0004" x="458" y="525" width="445" height="467" frameX="-1" frameY="-2" frameWidth="446" frameHeight="470"/>
	<SubTexture name="GF Dodge0005" x="918" y="525" width="433" height="466" frameX="-1" frameY="-3" frameWidth="446" frameHeight="470"/>
	<SubTexture name="GF Dodge0006" x="3602" y="14" width="429" height="469" frameX="-1" frameY="0" frameWidth="446" frameHeight="470"/>
	<SubTexture name="GF Dodge0007" x="14" y="525" width="429" height="467" frameX="0" frameY="-2" frameWidth="446" frameHeight="470"/>
	<SubTexture name="GF Dodge0008" x="458" y="525" width="445" height="467" frameX="-1" frameY="-2" frameWidth="446" frameHeight="470"/>
	<SubTexture name="GF Dodge0009" x="918" y="525" width="433" height="466" frameX="-1" frameY="-3" frameWidth="446" frameHeight="470"/>
	<SubTexture name="GF Dodge0010" x="3602" y="14" width="429" height="469" frameX="-1" frameY="0" frameWidth="446" frameHeight="470"/>
	<SubTexture name="GF Dodge0011" x="14" y="525" width="429" height="467" frameX="0" frameY="-2" frameWidth="446" frameHeight="470"/>
	<SubTexture name="GF Dodge0012" x="458" y="525" width="445" height="467" frameX="-1" frameY="-2" frameWidth="446" frameHeight="470"/>
	<SubTexture name="GF Dodge0013" x="918" y="525" width="433" height="466" frameX="-1" frameY="-3" frameWidth="446" frameHeight="470"/>
	<SubTexture name="GF Dodge0014" x="3602" y="14" width="429" height="469" frameX="-1" frameY="0" frameWidth="446" frameHeight="470"/>
	<SubTexture name="GF Dodge0015" x="14" y="525" width="429" height="467" frameX="0" frameY="-2" frameWidth="446" frameHeight="470"/>
	<SubTexture name="GF Dodge0016" x="458" y="525" width="445" height="467" frameX="-1" frameY="-2" frameWidth="446" frameHeight="470"/>
	<SubTexture name="GF Dodge0017" x="918" y="525" width="433" height="466" frameX="-1" frameY="-3" frameWidth="446" frameHeight="470"/>
	<SubTexture name="GF Dodge0018" x="3602" y="14" width="429" height="469" frameX="-1" frameY="0" frameWidth="446" frameHeight="470"/>
	<SubTexture name="GF Dodge0019" x="14" y="525" width="429" height="467" frameX="0" frameY="-2" frameWidth="446" frameHeight="470"/>
	<SubTexture name="GF Down0000" x="1366" y="525" width="331" height="411" frameX="0" frameY="-4" frameWidth="336" frameHeight="415"/>
	<SubTexture name="GF Down0001" x="1366" y="525" width="331" height="411" frameX="0" frameY="-4" frameWidth="336" frameHeight="415"/>
	<SubTexture name="GF Down0002" x="1712" y="525" width="303" height="412" frameX="-33" frameY="-3" frameWidth="336" frameHeight="415"/>
	<SubTexture name="GF Down0003" x="1712" y="525" width="303" height="412" frameX="-33" frameY="-3" frameWidth="336" frameHeight="415"/>
	<SubTexture name="GF Down0004" x="2030" y="525" width="293" height="415" frameX="-39" frameY="0" frameWidth="336" frameHeight="415"/>
	<SubTexture name="GF Down0005" x="2030" y="525" width="293" height="415" frameX="-39" frameY="0" frameWidth="336" frameHeight="415"/>
	<SubTexture name="GF Down0006" x="2030" y="525" width="293" height="415" frameX="-39" frameY="0" frameWidth="336" frameHeight="415"/>
	<SubTexture name="GF Down0007" x="2030" y="525" width="293" height="415" frameX="-39" frameY="0" frameWidth="336" frameHeight="415"/>
	<SubTexture name="GF Down0008" x="2030" y="525" width="293" height="415" frameX="-39" frameY="0" frameWidth="336" frameHeight="415"/>
	<SubTexture name="GF Down0009" x="2030" y="525" width="293" height="415" frameX="-39" frameY="0" frameWidth="336" frameHeight="415"/>
	<SubTexture name="GF Down0010" x="2030" y="525" width="293" height="415" frameX="-39" frameY="0" frameWidth="336" frameHeight="415"/>
	<SubTexture name="GF Down0011" x="2030" y="525" width="293" height="415" frameX="-39" frameY="0" frameWidth="336" frameHeight="415"/>
	<SubTexture name="GF Down0012" x="2030" y="525" width="293" height="415" frameX="-39" frameY="0" frameWidth="336" frameHeight="415"/>
	<SubTexture name="GF Down0013" x="2030" y="525" width="293" height="415" frameX="-39" frameY="0" frameWidth="336" frameHeight="415"/>
	<SubTexture name="GF Down0014" x="2030" y="525" width="293" height="415" frameX="-39" frameY="0" frameWidth="336" frameHeight="415"/>
	<SubTexture name="GF Down0015" x="2030" y="525" width="293" height="415" frameX="-39" frameY="0" frameWidth="336" frameHeight="415"/>
	<SubTexture name="GF First Death0000" x="2338" y="525" width="315" height="507" frameX="-8" frameY="0" frameWidth="336" frameHeight="507"/>
	<SubTexture name="GF First Death0001" x="2338" y="525" width="315" height="507" frameX="-8" frameY="0" frameWidth="336" frameHeight="507"/>
	<SubTexture name="GF First Death0002" x="2668" y="525" width="327" height="491" frameX="-9" frameY="-16" frameWidth="336" frameHeight="507"/>
	<SubTexture name="GF First Death0003" x="2668" y="525" width="327" height="491" frameX="-9" frameY="-16" frameWidth="336" frameHeight="507"/>
	<SubTexture name="GF First Death0004" x="3010" y="525" width="330" height="496" frameX="0" frameY="-11" frameWidth="336" frameHeight="507"/>
	<SubTexture name="GF First Death0005" x="3010" y="525" width="330" height="496" frameX="0" frameY="-11" frameWidth="336" frameHeight="507"/>
	<SubTexture name="GF First Death0006" x="3355" y="525" width="321" height="497" frameX="-9" frameY="-10" frameWidth="336" frameHeight="507"/>
	<SubTexture name="GF First Death0007" x="3355" y="525" width="321" height="497" frameX="-9" frameY="-10" frameWidth="336" frameHeight="507"/>
	<SubTexture name="GF First Death0008" x="3691" y="525" width="320" height="497" frameX="-10" frameY="-10" frameWidth="336" frameHeight="507"/>
	<SubTexture name="GF First Death0009" x="3691" y="525" width="320" height="497" frameX="-10" frameY="-10" frameWidth="336" frameHeight="507"/>
	<SubTexture name="GF First Death0010" x="14" y="1047" width="315" height="497" frameX="-15" frameY="-10" frameWidth="336" frameHeight="507"/>
	<SubTexture name="GF First Death0011" x="14" y="1047" width="315" height="497" frameX="-15" frameY="-10" frameWidth="336" frameHeight="507"/>
	<SubTexture name="GF First Death0012" x="344" y="1047" width="308" height="497" frameX="-22" frameY="-10" frameWidth="336" frameHeight="507"/>
	<SubTexture name="GF First Death0013" x="344" y="1047" width="308" height="497" frameX="-22" frameY="-10" frameWidth="336" frameHeight="507"/>
	<SubTexture name="GF First Death0014" x="667" y="1047" width="320" height="497" frameX="-10" frameY="-10" frameWidth="336" frameHeight="507"/>
	<SubTexture name="GF First Death0015" x="667" y="1047" width="320" height="497" frameX="-10" frameY="-10" frameWidth="336" frameHeight="507"/>
	<SubTexture name="GF First Death0016" x="1002" y="1047" width="320" height="497" frameX="-10" frameY="-10" frameWidth="336" frameHeight="507"/>
	<SubTexture name="GF First Death0017" x="1002" y="1047" width="320" height="497" frameX="-10" frameY="-10" frameWidth="336" frameHeight="507"/>
	<SubTexture name="GF First Death0018" x="1337" y="1047" width="320" height="497" frameX="-10" frameY="-10" frameWidth="336" frameHeight="507"/>
	<SubTexture name="GF First Death0019" x="1337" y="1047" width="320" height="497" frameX="-10" frameY="-10" frameWidth="336" frameHeight="507"/>
	<SubTexture name="GF First Death0020" x="1672" y="1047" width="320" height="497" frameX="-10" frameY="-10" frameWidth="336" frameHeight="507"/>
	<SubTexture name="GF First Death0021" x="1672" y="1047" width="320" height="497" frameX="-10" frameY="-10" frameWidth="336" frameHeight="507"/>
	<SubTexture name="GF First Death0022" x="2007" y="1047" width="320" height="497" frameX="-10" frameY="-10" frameWidth="336" frameHeight="507"/>
	<SubTexture name="GF First Death0023" x="2007" y="1047" width="320" height="497" frameX="-10" frameY="-10" frameWidth="336" frameHeight="507"/>
	<SubTexture name="GF First Death0024" x="2342" y="1047" width="320" height="497" frameX="-10" frameY="-10" frameWidth="336" frameHeight="507"/>
	<SubTexture name="GF First Death0025" x="2342" y="1047" width="320" height="497" frameX="-10" frameY="-10" frameWidth="336" frameHeight="507"/>
	<SubTexture name="GF First Death0026" x="2677" y="1047" width="320" height="497" frameX="-10" frameY="-10" frameWidth="336" frameHeight="507"/>
	<SubTexture name="GF First Death0027" x="2677" y="1047" width="320" height="497" frameX="-10" frameY="-10" frameWidth="336" frameHeight="507"/>
	<SubTexture name="GF First Death0028" x="3012" y="1047" width="320" height="497" frameX="-10" frameY="-10" frameWidth="336" frameHeight="507"/>
	<SubTexture name="GF First Death0029" x="3012" y="1047" width="320" height="497" frameX="-10" frameY="-10" frameWidth="336" frameHeight="507"/>
	<SubTexture name="GF First Death0030" x="3012" y="1047" width="320" height="497" frameX="-10" frameY="-10" frameWidth="336" frameHeight="507"/>
	<SubTexture name="GF First Death0031" x="3012" y="1047" width="320" height="497" frameX="-10" frameY="-10" frameWidth="336" frameHeight="507"/>
	<SubTexture name="GF First Death0032" x="3012" y="1047" width="320" height="497" frameX="-10" frameY="-10" frameWidth="336" frameHeight="507"/>
	<SubTexture name="GF First Death0033" x="3012" y="1047" width="320" height="497" frameX="-10" frameY="-10" frameWidth="336" frameHeight="507"/>
	<SubTexture name="GF First Death0034" x="3012" y="1047" width="320" height="497" frameX="-10" frameY="-10" frameWidth="336" frameHeight="507"/>
	<SubTexture name="GF First Death0035" x="3012" y="1047" width="320" height="497" frameX="-10" frameY="-10" frameWidth="336" frameHeight="507"/>
	<SubTexture name="GF Hey0000" x="3347" y="1047" width="305" height="485" frameX="-2" frameY="-10" frameWidth="307" frameHeight="495"/>
	<SubTexture name="GF Hey0001" x="3347" y="1047" width="305" height="485" frameX="-2" frameY="-10" frameWidth="307" frameHeight="495"/>
	<SubTexture name="GF Hey0002" x="3667" y="1047" width="298" height="494" frameX="0" frameY="0" frameWidth="307" frameHeight="495"/>
	<SubTexture name="GF Hey0003" x="3667" y="1047" width="298" height="494" frameX="0" frameY="0" frameWidth="307" frameHeight="495"/>
	<SubTexture name="GF Hey0004" x="14" y="1559" width="304" height="489" frameX="0" frameY="-5" frameWidth="307" frameHeight="495"/>
	<SubTexture name="GF Hey0005" x="14" y="1559" width="304" height="489" frameX="0" frameY="-5" frameWidth="307" frameHeight="495"/>
	<SubTexture name="GF Hey0006" x="333" y="1559" width="304" height="490" frameX="0" frameY="-4" frameWidth="307" frameHeight="495"/>
	<SubTexture name="GF Hey0007" x="333" y="1559" width="304" height="490" frameX="0" frameY="-4" frameWidth="307" frameHeight="495"/>
	<SubTexture name="GF Hey0008" x="652" y="1559" width="304" height="490" frameX="0" frameY="-4" frameWidth="307" frameHeight="495"/>
	<SubTexture name="GF Hey0009" x="652" y="1559" width="304" height="490" frameX="0" frameY="-4" frameWidth="307" frameHeight="495"/>
	<SubTexture name="GF Hey0010" x="971" y="1559" width="304" height="490" frameX="0" frameY="-4" frameWidth="307" frameHeight="495"/>
	<SubTexture name="GF Hey0011" x="971" y="1559" width="304" height="490" frameX="0" frameY="-4" frameWidth="307" frameHeight="495"/>
	<SubTexture name="GF Hey0012" x="333" y="1559" width="304" height="490" frameX="0" frameY="-4" frameWidth="307" frameHeight="495"/>
	<SubTexture name="GF Hey0013" x="333" y="1559" width="304" height="490" frameX="0" frameY="-4" frameWidth="307" frameHeight="495"/>
	<SubTexture name="GF Hey0014" x="333" y="1559" width="304" height="490" frameX="0" frameY="-4" frameWidth="307" frameHeight="495"/>
	<SubTexture name="GF Hey0015" x="333" y="1559" width="304" height="490" frameX="0" frameY="-4" frameWidth="307" frameHeight="495"/>
	<SubTexture name="GF Idle dance0000" x="1290" y="1559" width="352" height="491" frameX="-3" frameY="-2" frameWidth="355" frameHeight="493"/>
	<SubTexture name="GF Idle dance0001" x="1290" y="1559" width="352" height="491" frameX="-3" frameY="-2" frameWidth="355" frameHeight="493"/>
	<SubTexture name="GF Idle dance0002" x="1657" y="1559" width="334" height="493" frameX="-3" frameY="0" frameWidth="355" frameHeight="493"/>
	<SubTexture name="GF Idle dance0003" x="1657" y="1559" width="334" height="493" frameX="-3" frameY="0" frameWidth="355" frameHeight="493"/>
	<SubTexture name="GF Idle dance0004" x="2006" y="1559" width="333" height="491" frameX="-2" frameY="-2" frameWidth="355" frameHeight="493"/>
	<SubTexture name="GF Idle dance0005" x="2006" y="1559" width="333" height="491" frameX="-2" frameY="-2" frameWidth="355" frameHeight="493"/>
	<SubTexture name="GF Idle dance0006" x="2354" y="1559" width="329" height="492" frameX="-1" frameY="-1" frameWidth="355" frameHeight="493"/>
	<SubTexture name="GF Idle dance0007" x="2354" y="1559" width="329" height="492" frameX="-1" frameY="-1" frameWidth="355" frameHeight="493"/>
	<SubTexture name="GF Idle dance0008" x="2698" y="1559" width="333" height="492" frameX="0" frameY="-1" frameWidth="355" frameHeight="493"/>
	<SubTexture name="GF Idle dance0009" x="2698" y="1559" width="333" height="492" frameX="0" frameY="-1" frameWidth="355" frameHeight="493"/>
	<SubTexture name="GF Idle dance0010" x="3046" y="1559" width="334" height="492" frameX="0" frameY="-1" frameWidth="355" frameHeight="493"/>
	<SubTexture name="GF Idle dance0011" x="3046" y="1559" width="334" height="492" frameX="0" frameY="-1" frameWidth="355" frameHeight="493"/>
	<SubTexture name="GF Idle dance0012" x="3395" y="1559" width="335" height="491" frameX="0" frameY="-2" frameWidth="355" frameHeight="493"/>
	<SubTexture name="GF Idle dance0013" x="3395" y="1559" width="335" height="491" frameX="0" frameY="-2" frameWidth="355" frameHeight="493"/>
	<SubTexture name="GF Idle dance0014" x="3395" y="1559" width="335" height="491" frameX="0" frameY="-2" frameWidth="355" frameHeight="493"/>
	<SubTexture name="GF Idle dance0015" x="3395" y="1559" width="335" height="491" frameX="0" frameY="-2" frameWidth="355" frameHeight="493"/>
	<SubTexture name="GF Left0000" x="3745" y="1559" width="319" height="465" frameX="0" frameY="-5" frameWidth="319" frameHeight="470"/>
	<SubTexture name="GF Left0001" x="3745" y="1559" width="319" height="465" frameX="0" frameY="-5" frameWidth="319" frameHeight="470"/>
	<SubTexture name="GF Left0002" x="14" y="2067" width="293" height="468" frameX="-14" frameY="-2" frameWidth="319" frameHeight="470"/>
	<SubTexture name="GF Left0003" x="14" y="2067" width="293" height="468" frameX="-14" frameY="-2" frameWidth="319" frameHeight="470"/>
	<SubTexture name="GF Left0004" x="322" y="2067" width="293" height="470" frameX="-18" frameY="0" frameWidth="319" frameHeight="470"/>
	<SubTexture name="GF Left0005" x="322" y="2067" width="293" height="470" frameX="-18" frameY="0" frameWidth="319" frameHeight="470"/>
	<SubTexture name="GF Left0006" x="322" y="2067" width="293" height="470" frameX="-18" frameY="0" frameWidth="319" frameHeight="470"/>
	<SubTexture name="GF Left0007" x="322" y="2067" width="293" height="470" frameX="-18" frameY="0" frameWidth="319" frameHeight="470"/>
	<SubTexture name="GF Left0008" x="322" y="2067" width="293" height="470" frameX="-18" frameY="0" frameWidth="319" frameHeight="470"/>
	<SubTexture name="GF Left0009" x="322" y="2067" width="293" height="470" frameX="-18" frameY="0" frameWidth="319" frameHeight="470"/>
	<SubTexture name="GF Left0010" x="322" y="2067" width="293" height="470" frameX="-18" frameY="0" frameWidth="319" frameHeight="470"/>
	<SubTexture name="GF Left0011" x="322" y="2067" width="293" height="470" frameX="-18" frameY="0" frameWidth="319" frameHeight="470"/>
	<SubTexture name="GF Left0012" x="322" y="2067" width="293" height="470" frameX="-18" frameY="0" frameWidth="319" frameHeight="470"/>
	<SubTexture name="GF Left0013" x="322" y="2067" width="293" height="470" frameX="-18" frameY="0" frameWidth="319" frameHeight="470"/>
	<SubTexture name="GF Left0014" x="322" y="2067" width="293" height="470" frameX="-18" frameY="0" frameWidth="319" frameHeight="470"/>
	<SubTexture name="GF Left0015" x="322" y="2067" width="293" height="470" frameX="-18" frameY="0" frameWidth="319" frameHeight="470"/>
	<SubTexture name="GF Miss Down0000" x="630" y="2067" width="297" height="436" frameX="0" frameY="-11" frameWidth="297" frameHeight="447"/>
	<SubTexture name="GF Miss Down0001" x="630" y="2067" width="297" height="436" frameX="0" frameY="-11" frameWidth="297" frameHeight="447"/>
	<SubTexture name="GF Miss Down0002" x="942" y="2067" width="293" height="446" frameX="-2" frameY="0" frameWidth="297" frameHeight="447"/>
	<SubTexture name="GF Miss Down0003" x="942" y="2067" width="293" height="446" frameX="-2" frameY="0" frameWidth="297" frameHeight="447"/>
	<SubTexture name="GF Miss Down0004" x="942" y="2067" width="293" height="446" frameX="-2" frameY="0" frameWidth="297" frameHeight="447"/>
	<SubTexture name="GF Miss Down0005" x="942" y="2067" width="293" height="446" frameX="-2" frameY="0" frameWidth="297" frameHeight="447"/>
	<SubTexture name="GF Miss Down0006" x="942" y="2067" width="293" height="446" frameX="-2" frameY="0" frameWidth="297" frameHeight="447"/>
	<SubTexture name="GF Miss Down0007" x="942" y="2067" width="293" height="446" frameX="-2" frameY="0" frameWidth="297" frameHeight="447"/>
	<SubTexture name="GF Miss Down0008" x="942" y="2067" width="293" height="446" frameX="-2" frameY="0" frameWidth="297" frameHeight="447"/>
	<SubTexture name="GF Miss Down0009" x="942" y="2067" width="293" height="446" frameX="-2" frameY="0" frameWidth="297" frameHeight="447"/>
	<SubTexture name="GF Miss Down0010" x="942" y="2067" width="293" height="446" frameX="-2" frameY="0" frameWidth="297" frameHeight="447"/>
	<SubTexture name="GF Miss Down0011" x="942" y="2067" width="293" height="446" frameX="-2" frameY="0" frameWidth="297" frameHeight="447"/>
	<SubTexture name="GF Miss Down0012" x="942" y="2067" width="293" height="446" frameX="-2" frameY="0" frameWidth="297" frameHeight="447"/>
	<SubTexture name="GF Miss Down0013" x="942" y="2067" width="293" height="446" frameX="-2" frameY="0" frameWidth="297" frameHeight="447"/>
	<SubTexture name="GF Miss Down0014" x="942" y="2067" width="293" height="446" frameX="-2" frameY="0" frameWidth="297" frameHeight="447"/>
	<SubTexture name="GF Miss Down0015" x="942" y="2067" width="293" height="446" frameX="-2" frameY="0" frameWidth="297" frameHeight="447"/>
	<SubTexture name="GF Miss Left0000" x="1250" y="2067" width="294" height="489" frameX="0" frameY="0" frameWidth="302" frameHeight="489"/>
	<SubTexture name="GF Miss Left0001" x="1250" y="2067" width="294" height="489" frameX="0" frameY="0" frameWidth="302" frameHeight="489"/>
	<SubTexture name="GF Miss Left0002" x="1559" y="2067" width="293" height="489" frameX="-9" frameY="0" frameWidth="302" frameHeight="489"/>
	<SubTexture name="GF Miss Left0003" x="1559" y="2067" width="293" height="489" frameX="-9" frameY="0" frameWidth="302" frameHeight="489"/>
	<SubTexture name="GF Miss Left0004" x="1559" y="2067" width="293" height="489" frameX="-9" frameY="0" frameWidth="302" frameHeight="489"/>
	<SubTexture name="GF Miss Left0005" x="1559" y="2067" width="293" height="489" frameX="-9" frameY="0" frameWidth="302" frameHeight="489"/>
	<SubTexture name="GF Miss Left0006" x="1559" y="2067" width="293" height="489" frameX="-9" frameY="0" frameWidth="302" frameHeight="489"/>
	<SubTexture name="GF Miss Left0007" x="1559" y="2067" width="293" height="489" frameX="-9" frameY="0" frameWidth="302" frameHeight="489"/>
	<SubTexture name="GF Miss Left0008" x="1559" y="2067" width="293" height="489" frameX="-9" frameY="0" frameWidth="302" frameHeight="489"/>
	<SubTexture name="GF Miss Left0009" x="1559" y="2067" width="293" height="489" frameX="-9" frameY="0" frameWidth="302" frameHeight="489"/>
	<SubTexture name="GF Miss Left0010" x="1559" y="2067" width="293" height="489" frameX="-9" frameY="0" frameWidth="302" frameHeight="489"/>
	<SubTexture name="GF Miss Left0011" x="1559" y="2067" width="293" height="489" frameX="-9" frameY="0" frameWidth="302" frameHeight="489"/>
	<SubTexture name="GF Miss Left0012" x="1559" y="2067" width="293" height="489" frameX="-9" frameY="0" frameWidth="302" frameHeight="489"/>
	<SubTexture name="GF Miss Left0013" x="1559" y="2067" width="293" height="489" frameX="-9" frameY="0" frameWidth="302" frameHeight="489"/>
	<SubTexture name="GF Miss Left0014" x="1559" y="2067" width="293" height="489" frameX="-9" frameY="0" frameWidth="302" frameHeight="489"/>
	<SubTexture name="GF Miss Left0015" x="1559" y="2067" width="293" height="489" frameX="-9" frameY="0" frameWidth="302" frameHeight="489"/>
	<SubTexture name="GF Miss Right0000" x="1867" y="2067" width="296" height="516" frameX="-10" frameY="0" frameWidth="306" frameHeight="516"/>
	<SubTexture name="GF Miss Right0001" x="1867" y="2067" width="296" height="516" frameX="-10" frameY="0" frameWidth="306" frameHeight="516"/>
	<SubTexture name="GF Miss Right0002" x="2178" y="2067" width="293" height="516" frameX="0" frameY="0" frameWidth="306" frameHeight="516"/>
	<SubTexture name="GF Miss Right0003" x="2178" y="2067" width="293" height="516" frameX="0" frameY="0" frameWidth="306" frameHeight="516"/>
	<SubTexture name="GF Miss Right0004" x="2178" y="2067" width="293" height="516" frameX="0" frameY="0" frameWidth="306" frameHeight="516"/>
	<SubTexture name="GF Miss Right0005" x="2178" y="2067" width="293" height="516" frameX="0" frameY="0" frameWidth="306" frameHeight="516"/>
	<SubTexture name="GF Miss Right0006" x="2178" y="2067" width="293" height="516" frameX="0" frameY="0" frameWidth="306" frameHeight="516"/>
	<SubTexture name="GF Miss Right0007" x="2178" y="2067" width="293" height="516" frameX="0" frameY="0" frameWidth="306" frameHeight="516"/>
	<SubTexture name="GF Miss Right0008" x="2178" y="2067" width="293" height="516" frameX="0" frameY="0" frameWidth="306" frameHeight="516"/>
	<SubTexture name="GF Miss Right0009" x="2178" y="2067" width="293" height="516" frameX="0" frameY="0" frameWidth="306" frameHeight="516"/>
	<SubTexture name="GF Miss Right0010" x="2178" y="2067" width="293" height="516" frameX="0" frameY="0" frameWidth="306" frameHeight="516"/>
	<SubTexture name="GF Miss Right0011" x="2178" y="2067" width="293" height="516" frameX="0" frameY="0" frameWidth="306" frameHeight="516"/>
	<SubTexture name="GF Miss Right0012" x="2178" y="2067" width="293" height="516" frameX="0" frameY="0" frameWidth="306" frameHeight="516"/>
	<SubTexture name="GF Miss Right0013" x="2178" y="2067" width="293" height="516" frameX="0" frameY="0" frameWidth="306" frameHeight="516"/>
	<SubTexture name="GF Miss Right0014" x="2178" y="2067" width="293" height="516" frameX="0" frameY="0" frameWidth="306" frameHeight="516"/>
	<SubTexture name="GF Miss Right0015" x="2178" y="2067" width="293" height="516" frameX="0" frameY="0" frameWidth="306" frameHeight="516"/>
	<SubTexture name="GF Miss Up0000" x="2486" y="2067" width="281" height="542" frameX="-5" frameY="0" frameWidth="293" frameHeight="542"/>
	<SubTexture name="GF Miss Up0001" x="2486" y="2067" width="281" height="542" frameX="-5" frameY="0" frameWidth="293" frameHeight="542"/>
	<SubTexture name="GF Miss Up0002" x="2782" y="2067" width="293" height="529" frameX="0" frameY="-13" frameWidth="293" frameHeight="542"/>
	<SubTexture name="GF Miss Up0003" x="2782" y="2067" width="293" height="529" frameX="0" frameY="-13" frameWidth="293" frameHeight="542"/>
	<SubTexture name="GF Miss Up0004" x="2782" y="2067" width="293" height="529" frameX="0" frameY="-13" frameWidth="293" frameHeight="542"/>
	<SubTexture name="GF Miss Up0005" x="2782" y="2067" width="293" height="529" frameX="0" frameY="-13" frameWidth="293" frameHeight="542"/>
	<SubTexture name="GF Miss Up0006" x="2782" y="2067" width="293" height="529" frameX="0" frameY="-13" frameWidth="293" frameHeight="542"/>
	<SubTexture name="GF Miss Up0007" x="2782" y="2067" width="293" height="529" frameX="0" frameY="-13" frameWidth="293" frameHeight="542"/>
	<SubTexture name="GF Miss Up0008" x="2782" y="2067" width="293" height="529" frameX="0" frameY="-13" frameWidth="293" frameHeight="542"/>
	<SubTexture name="GF Miss Up0009" x="2782" y="2067" width="293" height="529" frameX="0" frameY="-13" frameWidth="293" frameHeight="542"/>
	<SubTexture name="GF Miss Up0010" x="2782" y="2067" width="293" height="529" frameX="0" frameY="-13" frameWidth="293" frameHeight="542"/>
	<SubTexture name="GF Miss Up0011" x="2782" y="2067" width="293" height="529" frameX="0" frameY="-13" frameWidth="293" frameHeight="542"/>
	<SubTexture name="GF Miss Up0012" x="2782" y="2067" width="293" height="529" frameX="0" frameY="-13" frameWidth="293" frameHeight="542"/>
	<SubTexture name="GF Miss Up0013" x="2782" y="2067" width="293" height="529" frameX="0" frameY="-13" frameWidth="293" frameHeight="542"/>
	<SubTexture name="GF Miss Up0014" x="2782" y="2067" width="293" height="529" frameX="0" frameY="-13" frameWidth="293" frameHeight="542"/>
	<SubTexture name="GF Miss Up0015" x="2782" y="2067" width="293" height="529" frameX="0" frameY="-13" frameWidth="293" frameHeight="542"/>
	<SubTexture name="GF Right0000" x="3090" y="2067" width="334" height="477" frameX="0" frameY="-7" frameWidth="334" frameHeight="485"/>
	<SubTexture name="GF Right0001" x="3090" y="2067" width="334" height="477" frameX="0" frameY="-7" frameWidth="334" frameHeight="485"/>
	<SubTexture name="GF Right0002" x="3439" y="2067" width="293" height="485" frameX="-38" frameY="0" frameWidth="334" frameHeight="485"/>
	<SubTexture name="GF Right0003" x="3439" y="2067" width="293" height="485" frameX="-38" frameY="0" frameWidth="334" frameHeight="485"/>
	<SubTexture name="GF Right0004" x="3747" y="2067" width="293" height="485" frameX="-31" frameY="0" frameWidth="334" frameHeight="485"/>
	<SubTexture name="GF Right0005" x="3747" y="2067" width="293" height="485" frameX="-31" frameY="0" frameWidth="334" frameHeight="485"/>
	<SubTexture name="GF Right0006" x="3747" y="2067" width="293" height="485" frameX="-31" frameY="0" frameWidth="334" frameHeight="485"/>
	<SubTexture name="GF Right0007" x="3747" y="2067" width="293" height="485" frameX="-31" frameY="0" frameWidth="334" frameHeight="485"/>
	<SubTexture name="GF Right0008" x="3747" y="2067" width="293" height="485" frameX="-31" frameY="0" frameWidth="334" frameHeight="485"/>
	<SubTexture name="GF Right0009" x="3747" y="2067" width="293" height="485" frameX="-31" frameY="0" frameWidth="334" frameHeight="485"/>
	<SubTexture name="GF Right0010" x="3747" y="2067" width="293" height="485" frameX="-31" frameY="0" frameWidth="334" frameHeight="485"/>
	<SubTexture name="GF Right0011" x="3747" y="2067" width="293" height="485" frameX="-31" frameY="0" frameWidth="334" frameHeight="485"/>
	<SubTexture name="GF Right0012" x="3747" y="2067" width="293" height="485" frameX="-31" frameY="0" frameWidth="334" frameHeight="485"/>
	<SubTexture name="GF Right0013" x="3747" y="2067" width="293" height="485" frameX="-31" frameY="0" frameWidth="334" frameHeight="485"/>
	<SubTexture name="GF Right0014" x="3747" y="2067" width="293" height="485" frameX="-31" frameY="0" frameWidth="334" frameHeight="485"/>
	<SubTexture name="GF Right0015" x="3747" y="2067" width="293" height="485" frameX="-31" frameY="0" frameWidth="334" frameHeight="485"/>
	<SubTexture name="GF Scared0000" x="14" y="2624" width="300" height="491" frameX="-2" frameY="0" frameWidth="305" frameHeight="491"/>
	<SubTexture name="GF Scared0001" x="329" y="2624" width="303" height="491" frameX="0" frameY="0" frameWidth="305" frameHeight="491"/>
	<SubTexture name="GF Scared0002" x="647" y="2624" width="303" height="491" frameX="-1" frameY="0" frameWidth="305" frameHeight="491"/>
	<SubTexture name="GF Scared0003" x="965" y="2624" width="305" height="491"/>
	<SubTexture name="GF Up0000" x="1285" y="2624" width="283" height="503" frameX="-7" frameY="0" frameWidth="294" frameHeight="503"/>
	<SubTexture name="GF Up0001" x="1285" y="2624" width="283" height="503" frameX="-7" frameY="0" frameWidth="294" frameHeight="503"/>
	<SubTexture name="GF Up0002" x="1583" y="2624" width="293" height="498" frameX="0" frameY="-5" frameWidth="294" frameHeight="503"/>
	<SubTexture name="GF Up0003" x="1583" y="2624" width="293" height="498" frameX="0" frameY="-5" frameWidth="294" frameHeight="503"/>
	<SubTexture name="GF Up0004" x="1891" y="2624" width="294" height="492" frameX="0" frameY="-11" frameWidth="294" frameHeight="503"/>
	<SubTexture name="GF Up0005" x="1891" y="2624" width="294" height="492" frameX="0" frameY="-11" frameWidth="294" frameHeight="503"/>
	<SubTexture name="GF Up0006" x="1891" y="2624" width="294" height="492" frameX="0" frameY="-11" frameWidth="294" frameHeight="503"/>
	<SubTexture name="GF Up0007" x="1891" y="2624" width="294" height="492" frameX="0" frameY="-11" frameWidth="294" frameHeight="503"/>
	<SubTexture name="GF Up0008" x="1891" y="2624" width="294" height="492" frameX="0" frameY="-11" frameWidth="294" frameHeight="503"/>
	<SubTexture name="GF Up0009" x="1891" y="2624" width="294" height="492" frameX="0" frameY="-11" frameWidth="294" frameHeight="503"/>
	<SubTexture name="GF Up0010" x="1891" y="2624" width="294" height="492" frameX="0" frameY="-11" frameWidth="294" frameHeight="503"/>
	<SubTexture name="GF Up0011" x="1891" y="2624" width="294" height="492" frameX="0" frameY="-11" frameWidth="294" frameHeight="503"/>
	<SubTexture name="GF Up0012" x="1891" y="2624" width="294" height="492" frameX="0" frameY="-11" frameWidth="294" frameHeight="503"/>
	<SubTexture name="GF Up0013" x="1891" y="2624" width="294" height="492" frameX="0" frameY="-11" frameWidth="294" frameHeight="503"/>
	<SubTexture name="GF Up0014" x="1891" y="2624" width="294" height="492" frameX="0" frameY="-11" frameWidth="294" frameHeight="503"/>
	<SubTexture name="GF Up0015" x="1891" y="2624" width="294" height="492" frameX="0" frameY="-11" frameWidth="294" frameHeight="503"/>
</TextureAtlas>
