{
	"animations": [
		{
			"offsets": [
				-7,
				-60
			],
			"loop": false,
			"fps": 24,
			"anim": "idle",
			"indices": [],
			"name": "GF idle dance"
		},
		{
			"offsets": [
				-5,
				-50
			],
			"loop": false,
			"fps": 24,
			"anim": "singLEFT",
			"indices": [],
			"name": "GF NOTE LEFT0"
		},
		{
			"offsets": [
				-31,
				-59
			],
			"loop": false,
			"fps": 24,
			"anim": "singDOWN",
			"indices": [],
			"name": "GF NOTE DOWN0"
		},
		{
			"offsets": [
				-30,
				-53
			],
			"loop": false,
			"fps": 24,
			"anim": "singUP",
			"indices": [],
			"name": "GF NOTE UP0"
		},
		{
			"offsets": [
				-41,
				-62
			],
			"loop": false,
			"fps": 24,
			"anim": "singRIGHT",
			"indices": [],
			"name": "GF NOTE RIGHT0"
		},
		{
			"offsets": [
				-5,
				-42
			],
			"loop": false,
			"fps": 24,
			"anim": "singLEFTmiss",
			"indices": [],
			"name": "GF NOTE LEFT MISS"
		},
		{
			"offsets": [
				-30,
				-40
			],
			"loop": false,
			"fps": 24,
			"anim": "singDOWNmiss",
			"indices": [],
			"name": "GF NOTE DOWN MISS"
		},
		{
			"offsets": [
				-23,
				-48
			],
			"loop": false,
			"fps": 24,
			"anim": "singUPmiss",
			"indices": [],
			"name": "GF NOTE UP MISS"
		},
		{
			"offsets": [
				-26,
				-53
			],
			"loop": false,
			"fps": 24,
			"anim": "singRIGHTmiss",
			"indices": [],
			"name": "GF NOTE RIGHT MISS"
		},
		{
			"offsets": [
				-12,
				-61
			],
			"loop": false,
			"fps": 24,
			"anim": "hey",
			"indices": [],
			"name": "GF HEY"
		},
		{
			"offsets": [
				-14,
				-56
			],
			"loop": true,
			"fps": 24,
			"anim": "scared",
			"indices": [],
			"name": "GF idle shaking"
		},
		{
			"offsets": [
				-3,
				-36
			],
			"loop": false,
			"fps": 24,
			"anim": "firstDeath",
			"indices": [],
			"name": "GF dies"
		},
		{
			"offsets": [
				-5,
				-24
			],
			"loop": true,
			"fps": 24,
			"anim": "deathLoop",
			"indices": [],
			"name": "GF Dead Loop"
		},
		{
			"offsets": [
				-7,
				-28
			],
			"loop": false,
			"fps": 24,
			"anim": "deathConfirm",
			"indices": [],
			"name": "GF Dead confirm"
		}
	],
	"no_antialiasing": false,
	"image": "characters/GF_Player",
	"position": [
		0,
		200
	],
	"healthicon": "gf",
	"flip_x": true,
	"healthbar_colors": [
		165,
		0,
		77
	],
	"camera_position": [
		10,
		-20
	],
	"sing_duration": 4,
	"scale": 1
}